,actual_loss,var_99,breach_99
2023-01-06,-946.8399472219098,1753.3979618379399,False
2023-01-09,-261.5778562650303,1799.239618685894,False
2023-01-10,-289.30684580690286,1812.671685766902,False
2023-01-11,-797.7400620090993,1826.8517645574218,False
2023-01-12,-256.2400210220003,1864.4179316339296,False
2023-01-13,-263.9937374124711,1882.0395748320914,False
2023-01-17,-212.184010461031,1894.7211684434922,False
2023-01-18,571.3037315499823,1908.052391103684,False
2023-01-19,394.96215516197844,1875.6363002588746,False
2023-01-20,-1091.8720459430333,1856.6276511119625,False
2023-01-23,-782.2419313637511,1906.2027107879248,False
2023-01-24,-52.31728572829161,1952.9118643161871,False
2023-01-25,123.23571906713187,1958.612555166506,False
2023-01-26,-823.783139270301,1949.0556758359633,False
2023-01-27,-311.40128469978663,1988.7148065540875,False
2023-01-30,891.6951473759327,2005.3833320916349,False
2023-01-31,-651.64680297819,1960.358578565151,False
2023-02-01,-751.1865531096773,1994.8447620271206,False
2023-02-02,-1486.4924417005313,2021.8303686911179,False
2023-02-03,377.40189401592215,2091.313747762618,False
2023-02-06,412.13902033141494,2084.9592470347834,False
2023-02-07,-1146.7173096954793,2065.266835331443,False
2023-02-08,508.9818078119861,2113.0397733954655,False
2023-02-09,380.307399986581,2096.92940706081,False
2023-02-10,137.5651446795091,2081.0914113751132,False
2023-02-13,-905.9524372715023,2069.575254087375,False
2023-02-14,-172.619575140714,2109.5491582392087,False
2023-02-15,-130.68359245741158,2120.2477065336802,False
2023-02-16,849.0380116139931,2118.0149839345195,False
2023-02-17,425.07511280795006,2077.047078482564,False
2023-02-21,1038.3732001906828,2052.5179348339725,False
2023-02-22,23.016100533030112,2004.3956924976358,False
2023-02-23,-608.3551857117855,2001.3337820431589,False
2023-02-24,747.3755678195448,2037.7391527848167,False
2023-02-27,-247.58039347745944,2003.6415903201448,False
2023-02-28,149.13716714132897,2012.2117257173138,False
2023-03-01,456.7567869066843,1995.228470270105,False
2023-03-02,-483.8621218705666,1970.086385157225,False
2023-03-03,-960.5925450972572,1994.9406253288766,False
2023-03-06,-254.87852685771213,2039.2618314964056,False
2023-03-07,583.2696749799215,2051.6731385454596,False
2023-03-08,-216.880502664324,2024.9750607844292,False
2023-03-09,645.5609899728515,2036.7187492372298,False
2023-03-10,639.8538434807997,1994.7744579186303,False
2023-03-13,-437.87870118331193,1966.654852869029,False
2023-03-14,-946.7099429862865,1975.2749183175533,False
2023-03-15,-244.53581609927642,2020.0710234069645,False
2023-03-16,-1251.0493963335175,2034.1324417837118,False
2023-03-17,54.37998125508602,2091.624077789911,False
2023-03-20,22.705653247707232,2088.1565481345015,False
2023-03-21,-500.71170581189654,2076.2630915520454,False
2023-03-22,450.542033122445,2097.6988420557714,False
2023-03-23,-537.1133610999314,2076.998310399574,False
2023-03-24,-291.34963266830164,2104.8388503128845,False
2023-03-27,403.207375725804,2115.1644245034463,False
2023-03-28,182.30371511462727,2094.638182369474,False
2023-03-29,-842.5573190663417,2081.05181472528,False
2023-03-30,-467.6683076136469,2119.949312807548,False
2023-03-31,-723.5715303492907,2143.794217227743,False
2023-04-03,-75.82669387638452,2174.692504346312,False
2023-04-04,183.47505047736195,2180.268519620637,False
2023-04-05,442.7942252176945,2168.282232101706,False
2023-04-06,-526.2819593337845,2146.547716053174,False
2023-04-10,228.95788479268958,2168.2624891737482,False
2023-04-11,493.52223149246856,2156.4810203890725,False
2023-04-12,211.10172258605598,2125.306579302551,False
2023-04-13,-1003.6851568317579,2115.4619027488284,False
2023-04-14,214.55636767332908,2158.3354521129277,False
2023-04-17,-198.6236134641149,2144.8835492510084,False
2023-04-18,-140.2805864927068,2154.4238908488937,False
2023-04-19,-104.95433808468078,2159.240685346931,False
2023-04-20,392.75120029531536,2157.7789527704235,False
2023-04-21,111.00850770101533,2138.2781395873976,False
2023-04-24,182.22742415288667,2130.3014020934957,False
2023-04-25,838.214144283811,2121.3245141329894,False
2023-04-26,-1021.5526374233887,2079.7055166868827,False
2023-04-27,-1262.8749772252777,2125.0993842606695,False
2023-04-28,-414.3438788897911,2184.4690338235687,False
2023-05-01,-6.44950310508284,2194.642610085504,False
2023-05-02,357.09786821718444,2197.098196492048,False
2023-05-03,301.08044952894124,2167.5691676032357,False
2023-05-04,202.36424544173497,2132.8174797964366,False
2023-05-05,-1300.626917047608,2122.061714880997,False
2023-05-08,26.25742572818126,2181.1259888500995,False
2023-05-09,365.06409068754874,2175.99358412284,False
2023-05-10,-561.2067073135986,2128.5407075201942,False
2023-05-11,109.13482736131846,2153.9292765551418,False
2023-05-12,192.10905557114165,2129.591154152729,False
2023-05-15,-138.36153125434794,2118.4554489551956,False
2023-05-16,-70.6428121819481,2109.283976246035,False
2023-05-17,-527.3773148025939,2111.141807715304,False
2023-05-18,-815.3476939236352,2122.194761892271,False
2023-05-19,80.41286960826983,2160.12675484073,False
2023-05-22,-96.01775617602107,2151.5911163351816,False
2023-05-23,764.7462392830566,2120.7278850393595,False
2023-05-24,192.1831158110217,2087.3125674406647,False
2023-05-25,-1721.4414966152544,2083.0411924740783,False
2023-05-26,-994.7545015174983,2165.103319475589,False
2023-05-30,-217.79560229415802,2220.396369348084,False
2023-05-31,483.25842990703677,2235.288882670387,False
2023-06-01,-813.3419502845645,2203.044795200069,False
2023-06-02,-390.1086073424085,2228.8505692295043,False
2023-06-05,100.56691321243125,2244.422878667452,False
2023-06-06,161.11316876964702,2240.387428687607,False
2023-06-07,917.5813918619024,2226.3732479445707,False
2023-06-08,-580.3957585233074,2174.7066921643113,False
2023-06-09,-185.7009501652792,2205.096641224694,False
2023-06-12,-788.4062760988745,2212.948956464214,False
2023-06-13,-392.08011415610963,2245.4874942121587,False
2023-06-14,-476.3817356153595,2256.446460363653,False
2023-06-15,-892.2053113230504,2257.55711722924,False
2023-06-16,454.2736534414871,2260.9434903487513,False
2023-06-20,162.1152848369602,2245.547999353087,False
2023-06-21,568.6916693838357,2235.7716731261626,False
2023-06-22,-669.840064323158,2189.822177318428,False
2023-06-23,520.3500526027274,2217.4597367066553,False
2023-06-26,749.2898527309007,2186.292257540583,False
2023-06-27,-908.972661450658,2153.560029006714,False
2023-06-28,-95.56552292518609,2191.978806345798,False
2023-06-29,18.631288343443885,2182.411188890915,False
2023-06-30,-1017.1230065833879,2179.339434027917,False
2023-07-03,176.3942828281215,2206.2874437389464,False
2023-07-05,99.19517862284556,2203.2101967186386,False
2023-07-06,15.669614333455684,2195.9641106863637,False
2023-07-07,296.8639955608596,2196.390349266598,False
2023-07-10,399.08333957554714,2183.1716542779777,False
2023-07-11,-143.59020381149458,2165.1411702230935,False
2023-07-12,-722.7934570317593,2166.6539121915275,False
2023-07-13,-798.9352763967181,2198.1997985169237,False
2023-07-14,-72.41132939188537,2231.347584782147,False
2023-07-17,-498.8354855676225,2232.068763548725,False
2023-07-18,-917.0781256767441,2253.099539491785,False
2023-07-19,129.53576723736478,2293.1107987165237,False
2023-07-20,1023.1820119066979,2286.005054761224,False
2023-07-21,383.4598567113062,2240.5095863863294,False
2023-07-24,-222.01655361182202,2216.3157857668975,False
2023-07-25,-552.7629723329082,2223.5372093759865,False
2023-07-26,621.1025609454737,2246.5738848787496,False
2023-07-27,486.3693578264065,2215.9346909267397,False
2023-07-28,-949.6127030436983,2199.5011909017767,False
2023-07-31,45.358967085521726,2233.291778972271,False
2023-08-01,122.2983248663586,2202.9117349964918,False
2023-08-02,1269.6819510397036,2195.5908622536053,False
2023-08-03,166.46533320684102,2137.163977906998,False
2023-08-04,680.442006117235,2140.0904932635053,False
2023-08-07,-160.05943129393563,2115.300309517589,False
2023-08-08,346.3724948496383,2114.5858812072447,False
2023-08-09,703.4402289497666,2099.453313222868,False
2023-08-10,-25.494811533739266,2067.9669309941078,False
2023-08-11,314.64491079361324,2069.8047525972875,False
2023-08-14,-734.6780506515861,2053.171923177338,False
2023-08-15,481.1091940179613,2078.1114275740433,False
2023-08-16,344.85656156263576,2064.36610048789,False
2023-08-17,567.62553117879,2046.7273466229988,False
2023-08-18,-3.3966909883893095,2025.935058696586,False
2023-08-21,-960.1869859326325,2027.594560971156,False
2023-08-22,50.79011006230576,2073.181697507007,False
2023-08-23,-931.1991700306535,2072.72949957465,False
2023-08-24,1057.980804452658,2104.9847722284303,False
2023-08-25,-350.64513465814525,2058.679742723644,False
2023-08-28,-381.37251746770926,2074.0385255170772,False
2023-08-29,-1099.4198027249295,2090.085631668963,False
2023-08-30,-424.5547620228681,2131.6328254612113,False
2023-08-31,8.855723319051322,2121.825039685292,False
2023-09-01,-81.25044141833496,2119.582050764385,False
2023-09-05,-214.51697600584885,2117.3525066771044,False
2023-09-06,834.5338509228386,2125.3821853046275,False
2023-09-07,713.4272537857105,2091.11815770568,False
2023-09-08,-217.22200195560436,2062.641164033491,False
2023-09-11,-425.33188874545885,2071.2434553886596,False
2023-09-12,726.8244785679053,2081.527324289405,False
2023-09-13,-173.2728586676385,2054.3930220750412,False
2023-09-14,-435.22232466153946,2060.0712043058065,False
2023-09-15,955.2577995816973,2071.7752008146012,False
2023-09-18,-177.8087470647588,1976.197057349459,False
2023-09-19,34.360075621225405,1987.6531839588972,False
2023-09-20,1018.4442979545129,1978.8689353409495,False
2023-09-21,680.9670586705906,1938.793553914641,False
2023-09-22,24.901626943777956,1919.2198723641206,False
2023-09-25,-275.10402822770993,1922.1646155779256,False
2023-09-26,905.9251531419795,1928.4808066999021,False
2023-09-27,-7.561962904132088,1895.7067925693807,False
2023-09-28,-273.923201760801,1898.8915945564788,False
2023-09-29,-156.94515737045003,1908.8134971758745,False
2023-10-02,-675.9822471886,1916.5563834985915,False
2023-10-03,959.4067936729334,1943.1269797880789,False
2023-10-04,-629.261319163008,1893.2999104707574,False
2023-10-05,-135.44956796220504,1915.6978964678715,False
2023-10-06,-974.7023681177234,1911.8922880286543,False
2023-10-09,-306.93810063271667,1933.05448954324,False
2023-10-10,-62.2859975621177,1946.7194130467642,False
2023-10-11,-515.3481773004387,1947.6735143130313,False
2023-10-12,91.49810321655241,1933.5081927133067,False
2023-10-13,635.348419973714,1929.3111312703854,False
2023-10-16,-530.1391820529971,1901.1755815379147,False
2023-10-17,387.8131695867487,1922.9931528122067,False
2023-10-18,655.5033663723734,1890.087869721469,False
2023-10-19,180.3614160729485,1849.12769445594,False
2023-10-20,771.4086217041477,1829.7220007678397,False
2023-10-23,-303.42900829439895,1802.8326210913765,False
2023-10-24,-343.5139473884992,1821.511446545432,False
2023-10-25,292.2998224877447,1833.7297837974559,False
2023-10-26,1376.8614904262795,1815.7053638339314,False
2023-10-27,-200.01681899958203,1762.6273428121308,False
2023-10-30,-813.0865575746284,1777.1738450104976,False
2023-10-31,-153.17095277308545,1781.9047834323062,False
2023-11-01,-1054.5621542656445,1783.5441986299224,False
2023-11-02,-885.0775477407733,1791.6870227322427,False
2023-11-03,-527.7330106664231,1822.7295642309232,False
2023-11-06,-503.12795993281907,1844.290642587566,False
2023-11-07,-527.8886767081858,1841.8060361944076,False
2023-11-08,-278.8355119032349,1849.3867678052113,False
2023-11-09,291.573280067365,1855.2884523213202,False
2023-11-10,-1287.5196668458739,1844.9454758548864,False
2023-11-13,272.10329388482205,1888.9457940777943,False
2023-11-14,-927.1325631372019,1873.3951630819856,False
2023-11-15,-5.138905554158555,1783.6296113340497,False
2023-11-16,-511.68555169149477,1780.1729596563168,False
2023-11-17,302.1061263191659,1793.8202962778953,False
2023-11-20,-826.2110433727212,1782.6235256712735,False
2023-11-21,404.1577209519819,1808.50926219232,False
2023-11-22,-246.3418475182625,1798.1531090835292,False
2023-11-24,216.0685130037309,1804.006633098093,False
2023-11-27,-57.57823178078252,1793.7666405560592,False
2023-11-28,-237.64051049566478,1793.2300477013503,False
2023-11-29,243.57566903813859,1798.2781300546633,False
2023-11-30,72.90895033002744,1789.8415661650504,False
2023-12-01,13.625518121123605,1773.1089883382072,False
2023-12-04,678.2378590299777,1768.185116306909,False
2023-12-05,-572.5268587259052,1694.5132199691643,False
2023-12-06,474.93805257510394,1717.250466819417,False
2023-12-07,-599.280064353341,1702.2164086705927,False
2023-12-08,-451.55234170482436,1716.4011715666006,False
2023-12-11,257.7093419876401,1720.7778187347892,False
2023-12-12,-505.5261450107573,1710.188001005395,False
2023-12-13,-592.0588673007078,1723.2744569947845,False
2023-12-14,334.27531758056284,1737.9729545825933,False
2023-12-15,-280.15657716388523,1720.777118035906,False
2023-12-18,-237.13574866199633,1729.483401714406,False
2023-12-19,-194.71838306537393,1737.1237390397735,False
2023-12-20,778.7528194277329,1708.3381687696092,False
2023-12-21,-473.46393116522086,1678.9837144645564,False
2023-12-22,-1.2061600261804415,1691.8688527763418,False
2023-12-26,-137.3153640523742,1692.4753930128895,False
2023-12-27,-40.54795232824108,1691.7250146079414,False
2023-12-28,-97.12241708090005,1673.4490024871568,False
2023-12-29,127.4850925303399,1676.5168021229074,False
2024-01-02,1140.8025231919746,1667.2266133816888,False
2024-01-03,399.82354300246516,1627.5392229116235,False
2024-01-04,349.68742997021764,1613.3015961084704,False
2024-01-05,-79.73859435076156,1606.7323511910495,False
2024-01-08,-1373.0058582784404,1608.0696778692623,False
2024-01-09,-114.85260962766188,1649.5844706549394,False
2024-01-10,-679.0022739996493,1655.1009999570176,False
2024-01-11,-112.39374884546851,1663.9487448800292,False
2024-01-12,-209.69646374502918,1669.4433074605108,False
2024-01-16,-41.84902092352422,1674.579547382746,False
2024-01-17,276.84746495174477,1673.4689410178603,False
2024-01-18,-1015.9813295139975,1665.2997915264232,False
2024-01-19,-1072.489429651927,1693.2161390458225,False
2024-01-22,-121.16248192410421,1730.5334632221518,False
2024-01-23,-315.7025104170971,1732.1239203539203,False
2024-01-24,-357.3738939304676,1736.196548342968,False
2024-01-25,-198.44164510108385,1730.9210587523278,False
2024-01-26,317.52721774896054,1726.8892980002659,False
2024-01-29,-601.0072022537497,1717.677369539138,False
2024-01-30,376.93521220803814,1737.535086533629,False
2024-01-31,1364.8060395532448,1721.637495934756,False
2024-02-01,-931.8261443409428,1684.6247671918784,False
2024-02-02,-942.4888966587678,1708.8907689732316,False
2024-02-05,-113.47220682472107,1740.0216071644104,False
2024-02-06,-9.607187693036394,1744.3767098253165,False
2024-02-07,-841.5380043293917,1712.6054539624283,False
2024-02-08,89.70787921585725,1734.8310404282595,False
2024-02-09,-810.7748716364149,1732.197475231088,False
2024-02-12,416.10498565658054,1740.1165556602298,False
2024-02-13,971.8547510652425,1728.8030905804435,False
2024-02-14,-558.5825161718822,1704.3915799434033,False
2024-02-15,152.19845898744825,1727.8799526739047,False
2024-02-16,416.3382025474857,1710.6637666101649,False
2024-02-20,596.8219449585013,1700.421288304355,False
2024-02-21,210.14345763208985,1680.2133737089948,False
2024-02-22,-2337.8192975350976,1660.0854841300372,False
2024-02-23,193.6056797830097,1739.9308706144543,False
2024-02-26,258.8138855359575,1750.5997716793677,False
2024-02-27,-118.2447236647713,1745.774032424807,False
2024-02-28,263.5321486727189,1736.0395851600001,False
2024-02-29,-537.4915662532294,1717.3325568138357,False
2024-03-01,-649.5229593892436,1735.4493706944884,False
2024-03-04,117.19564167848148,1759.092633274214,False
2024-03-05,1235.698563386206,1762.2376715988833,False
2024-03-06,-324.40757659170777,1731.7769951218988,False
2024-03-07,-1053.7961240822478,1747.2729953665246,False
2024-03-08,800.0404516879062,1783.881347548815,False
2024-03-11,172.55715323642653,1749.595100887452,False
2024-03-12,-1488.268871320659,1744.0525233772955,False
2024-03-13,380.5593165833707,1789.9103367422597,False
2024-03-14,-261.31777376457467,1781.9836673397074,False
2024-03-15,705.7422559918778,1781.6303165990564,False
2024-03-18,-385.70219216664555,1750.1012994207395,False
2024-03-19,-563.8158526569168,1763.6631435536694,False
2024-03-20,-743.5893868647545,1756.4415781108296,False
2024-03-21,103.04449054152064,1776.607564485556,False
2024-03-22,-305.3855368190707,1781.5308701821564,False
2024-03-25,396.7964944851119,1794.8136984192174,False
2024-03-26,448.4888630951755,1784.6581356376882,False
2024-03-27,-176.53234385035466,1765.1298083293752,False
2024-03-28,179.10511704829696,1762.1558926037906,False
2024-04-01,-84.99523911028518,1755.5207068421264,False
2024-04-02,526.4663592762954,1758.4568848106255,False
2024-04-03,-6.1868505233869655,1736.2722560493644,False
2024-04-04,855.4531823274883,1734.7306741577618,False
2024-04-05,-922.442467500412,1702.3948182626455,False
2024-04-08,198.9504242388357,1735.5010123625154,False
2024-04-09,-54.34874257910997,1731.4492582637506,False
2024-04-10,364.58013412644505,1724.0730616124038,False
2024-04-11,-1400.177731447242,1719.076502636555,False
2024-04-12,824.9691015454446,1760.7788081727701,False
2024-04-15,1268.0147443582246,1740.7171349653877,False
2024-04-16,71.88059282222821,1709.595992045951,False
2024-04-17,798.8574894570775,1716.5367211503217,False
2024-04-18,464.61250383201696,1688.007106332155,False
2024-04-19,1605.6747303694647,1682.88404962124,False
2024-04-22,-722.4087626800465,1622.8007892650014,False
2024-04-23,-1022.573947946621,1666.6958904150224,False
2024-04-24,16.028259708269616,1698.616975903517,False
2024-04-25,235.56731016178674,1694.767521040934,False
2024-04-26,-1133.6902185394283,1696.1379956217406,False
2024-04-29,-204.6280071426445,1728.074758720548,False
2024-04-30,1432.5194633506617,1723.6721393070209,False
2024-05-01,273.5435579578334,1672.2583669023895,False
2024-05-02,-961.6636636171606,1669.1741831384447,False
2024-05-03,-1866.5007161631947,1699.5791694830916,False
2024-05-06,-826.0753355725174,1752.3300071821072,False
2024-05-07,291.153314609619,1800.6427231971977,False
2024-05-08,-60.67131593027443,1790.062011489182,False
2024-05-09,-157.55335008485417,1774.353726177517,False
2024-05-10,-186.66221554460935,1771.678291416744,False
2024-05-13,-262.9190119187115,1777.5932669477088,False
2024-05-14,-460.1057148606196,1781.7392007688532,False
2024-05-15,-1214.216731610184,1794.6987266846734,False
2024-05-16,174.77853446784138,1832.3411936860507,False
2024-05-17,207.4497220563935,1834.443349610529,False
2024-05-20,-664.9345786550257,1823.583034969399,False
2024-05-21,-390.4503956777771,1843.9871816750908,False
2024-05-22,118.99101370169956,1848.2385683736316,False
2024-05-23,-260.8179830571462,1844.997183955806,False
2024-05-24,-855.0450718924403,1882.0116907860827,False
2024-05-28,-806.4676404383645,1901.7054103184955,False
2024-05-29,138.18592144055583,1947.9237378111707,False
2024-05-30,1288.882103821452,1875.4301791206792,False
2024-05-31,-107.71885636760271,1823.0712859480166,False
2024-06-03,-664.0945192735817,1832.1274994676262,False
2024-06-04,-339.2984285019629,1855.1581014917017,False
2024-06-05,-1521.7605734417739,1860.225419750747,False
2024-06-06,221.70949246396776,1910.7516924576857,False
2024-06-07,-97.40869168264908,1913.194025503309,False
2024-06-10,-115.19168486827402,1914.327322024262,False
2024-06-11,-1261.7827387319412,1907.5634947770507,False
2024-06-12,-1543.1186706161534,1927.0916604417605,False
2024-06-13,-650.0933983356226,1980.7521827999506,False
2024-06-14,-230.81163502091658,2013.2818184212983,False
2024-06-17,-772.4976307840989,2024.276627180169,False
2024-06-18,-233.59041241012164,2034.1661918113714,False
2024-06-20,982.495186913904,2049.8642159157744,False
2024-06-21,435.3327616292372,2012.300469457443,False
2024-06-24,1103.3498809588054,1997.292872061033,False
2024-06-25,-1230.5562812024873,1944.7472039187987,False
2024-06-26,-431.0153166325763,2000.4793177653628,False
2024-06-27,86.12327937755617,2012.907926154739,False
2024-06-28,703.8228375058825,1993.7400270748176,False
2024-07-01,-1087.7288304369577,1968.6741924981743,False
2024-07-02,-457.57052438583924,1998.622377690697,False
2024-07-03,-904.3622078663902,2007.9578281073766,False
2024-07-05,-656.5240617927775,2033.6794453603575,False
2024-07-08,-328.75778374071524,2043.121255790065,False
2024-07-09,-83.84502312178665,2058.1940447617194,False
2024-07-10,-1276.3100842821004,2068.7617230770006,False
2024-07-11,2134.9880112267565,2105.423982335965,True
2024-07-12,-517.9170126035751,2040.3918979101575,False
2024-07-15,-293.6161509727244,2082.480909170922,False
2024-07-16,292.38112075864046,2080.9147862839895,False
2024-07-17,2181.3028386621736,2059.1332589231884,True
2024-07-18,357.96734379181,1988.4527917028631,False
2024-07-19,685.1166525267035,2015.6608566601958,False
2024-07-22,-1172.9301193297142,1984.9469535717021,False
2024-07-23,2.9787062259274535,2030.0329810559608,False
2024-07-24,2895.025008120472,2020.044173987922,True
2024-07-25,997.9962730645348,1929.2502324011548,False
2024-07-26,-740.984383225732,1947.5589575750782,False
2024-07-29,20.206904787031817,1969.551771123388,False
2024-07-30,1185.1366117990256,1962.6058627981342,False
2024-07-31,-1971.1925046981487,1909.948063077464,False
2024-08-01,1645.4283377496758,1995.3048549877994,False
2024-08-02,1095.05656031541,1954.144189076511,False
2024-08-05,2876.855805307481,1939.9006697995098,True
2024-08-06,-698.3296901851863,1842.693103179207,False
2024-08-07,638.808036112343,1918.75037671331,False
2024-08-08,-1769.4005344239122,1884.8673679064166,False
2024-08-09,-476.42566699867893,1947.134453231803,False
2024-08-12,-606.205842041818,1971.5542518680768,False
2024-08-13,-1883.118695107536,1993.3771299293303,False
2024-08-14,-410.9962286734808,2062.156320252675,False
2024-08-15,-1519.89681391239,2092.7115529232638,False
2024-08-16,-193.89197645515378,2135.718478697948,False
2024-08-19,-1000.9791394761269,2153.932993876865,False
2024-08-20,127.29256937369064,2193.981214398685,False
2024-08-21,-203.0630882786645,2181.0504369797054,False
2024-08-22,1360.3605358265922,2190.244624380471,False
2024-08-23,-1093.5752001247602,2128.1400608815147,False
2024-08-26,596.5137005901051,2182.8014754375426,False
2024-08-27,-322.1381871179474,2155.0679027006836,False
2024-08-28,778.905111557935,2160.685615177676,False
2024-08-29,461.0245939488814,2133.492277797529,False
2024-08-30,-623.547037377677,2096.4067402440146,False
2024-09-03,2678.2399674392946,2105.8609620604357,True
2024-09-04,405.08721462782705,2005.719535568204,False
2024-09-05,-159.1642830082128,2028.5131714002223,False
2024-09-06,1480.748211649683,2037.3836284531649,False
2024-09-09,-894.4365628099476,1987.937979563158,False
2024-09-10,-699.2475347789441,2026.23813092559,False
2024-09-11,-1923.7267099759629,2046.248859890124,False
2024-09-12,-682.0672800019966,2125.5014576273447,False
2024-09-13,-290.52944354194915,2166.446368421329,False
2024-09-16,670.2133503630903,2168.6402171777368,False
2024-09-17,-110.84963538059674,2144.424077376532,False
2024-09-18,258.1867352189147,2144.256666108986,False
2024-09-19,-2013.2252473119734,2117.282816964577,False
2024-09-20,450.21907715307316,2180.102345272096,False
2024-09-23,103.95713529486966,2180.55888623634,False
2024-09-24,-426.83633948120405,2167.261435688317,False
2024-09-25,-310.7219871874695,2187.7249751069085,False
2024-09-26,-265.227076965748,2206.0577757977644,False
2024-09-27,503.17108961094345,2213.5412884409848,False
2024-09-30,-582.2780104929843,2181.9466665968025,False
2024-10-01,1720.4714137107221,2196.681688352235,False
2024-10-02,-80.3151306076179,2141.226036307901,False
2024-10-03,-251.17040073986573,2166.8979461298577,False
2024-10-04,-572.4690083506721,2184.3306425233204,False
2024-10-07,690.3829246125533,2192.591135524273,False
2024-10-08,-1407.477121914635,2187.089836769369,False
2024-10-09,-595.993992393298,2242.2571630461234,False
2024-10-10,-57.4244969553838,2253.6781349999333,False
2024-10-11,-33.53546215087408,2264.864965613964,False
2024-10-14,-975.635395985868,2265.0716268353276,False
2024-10-15,801.4549533049285,2297.4045420578414,False
2024-10-16,-207.71999906830024,2256.396260517556,False
2024-10-17,-186.24719107693818,2274.8270903477846,False
2024-10-18,-532.5759668933315,2281.9063289338246,False
2024-10-21,-702.46241435087,2293.1092048303444,False
2024-10-22,-369.02262179854733,2324.633569071965,False
2024-10-23,1269.2041298798868,2333.0731903268384,False
2024-10-24,-228.45836684048118,2280.807382223675,False
2024-10-25,-418.21700095372216,2297.2171147487284,False
2024-10-28,-15.941047894782969,2310.4165775263123,False
2024-10-29,-514.1928134570771,2302.257347300266,False
2024-10-30,573.7185924566438,2291.5789695152966,False
2024-10-31,2880.3648539218266,2271.8761457759065,True
2024-11-01,-413.5307748639316,2180.3450038082383,False
2024-11-04,165.91605571140826,2243.136738870433,False
2024-11-05,-999.2422862469539,2231.3635868688852,False
2024-11-06,-1717.1797021024104,2261.3674449510454,False
2024-11-07,-1271.5809272213519,2321.8612300379755,False
2024-11-08,193.0964257275482,2373.217952362126,False
2024-11-11,637.8626223384927,2367.7115268075404,False
2024-11-12,-462.1804391908372,2343.6767274503613,False
2024-11-13,45.39596063167846,2368.8155921052453,False
2024-11-14,-138.4202716426371,2345.8272874986565,False
2024-11-15,1835.918571426344,2350.5284099817845,False
2024-11-18,-235.85563798037765,2283.6270654701098,False
2024-11-19,-956.2609296074079,2298.051129276824,False
2024-11-20,173.23559252264386,2346.2790983237956,False
2024-11-21,-97.70989799054223,2339.803750395416,False
2024-11-22,100.86698156165949,2339.9881196923243,False
2024-11-25,211.67700449225958,2315.549594932412,False
2024-11-26,-850.1231871000928,2285.8753562066845,False
2024-11-27,573.6635298492765,2307.3260957976413,False
2024-11-29,-713.6473456504609,2290.5544487392503,False
2024-12-02,-751.3091018605628,2320.036596866544,False
2024-12-03,-442.9370770101523,2339.6512370823543,False
2024-12-04,-1098.7210907892731,2357.031154338231,False
2024-12-05,-173.95806838644785,2401.9703158554034,False
2024-12-06,58.882811754258,2403.397813724017,False
2024-12-09,173.0977659515047,2388.665895690986,False
2024-12-10,531.613909741849,2366.2850151426464,False
2024-12-11,-1004.1111075497611,2336.549748864695,False
2024-12-12,250.77607652061852,2376.5479402611472,False
2024-12-13,288.03181053283333,2365.1552922640203,False
2024-12-16,-485.93815972645825,2344.8945032878414,False
2024-12-17,-11.877140919837984,2344.9582983881446,False
2024-12-18,2411.146050615658,2338.4684649324045,True
2024-12-19,-208.29393391989288,2280.2421751664165,False
2024-12-20,-1035.1790026928647,2320.151904365968,False
2024-12-23,-729.9295853092481,2358.184656725319,False
2024-12-24,-848.0428707000247,2390.0704839073687,False
2024-12-26,38.801797424515826,2410.639974376501,False
2024-12-27,1276.9152746102336,2410.7174515822903,False
2024-12-30,856.7310636108305,2370.91627950804,False
