timestamp,portfolio_value,var_95_rolling,var_99_rolling,var_95_ewma,var_99_ewma,sigma_p_rolling,sigma_p_ewma,latency_rolling_ms,latency_ewma_ms,weight_AAPL,weight_MSFT,weight_NVDA,weight_SPY,weight_QQQ
2026-05-01 13:30:00,100000.0,2119.1546530832024,2997.160866587741,1759.7167830462665,2488.8010276883106,0.012883545492195479,0.01069831840482778,0.3483339987724321,0.23504799901274964,0.20000000000000004,0.2,0.2,0.2,0.2
2026-05-01 13:31:00,100134.96594769889,2124.4129539986398,3004.5977819188433,1763.1462986819583,2493.6514570987797,0.012898105641339322,0.010704720651760286,0.2496229990356369,0.22088699915912002,0.1994997683383328,0.20000319985608303,0.20073372595909794,0.19983012830584873,0.19993317754063758
2026-05-01 13:32:00,100242.53739546763,2125.4127795156164,3006.0118542276,1764.0728720057598,2494.961927432826,0.012890328332785451,0.010698852826271421,0.2579949996288633,0.2547900003264658,0.20065762014478503,0.19947511130162798,0.20036686971513848,0.1997222005973399,0.19977819824110848
2026-05-01 13:33:00,100192.79166288025,2123.226239531198,3002.9193890009624,1762.9721372814088,2493.405137306386,0.012883460741972292,0.01069748569274983,0.24951900013547856,0.22895000074640848,0.2003174441661684,0.19979367917918991,0.19999397044987224,0.19988640330366236,0.200008502901107
2026-05-01 13:34:00,100081.68184485342,2120.6853117940404,2999.3257064126924,1761.401881462741,2491.1842945361827,0.012882328712648699,0.010699823262738115,0.2774280001176521,0.2558249998401152,0.19931481831941278,0.20027874625040043,0.19990369656186538,0.2001498861898621,0.20035285267845934
2026-05-01 13:35:00,100108.01125575986,2121.765743421349,3000.853781481532,1762.3084429234264,2492.466461710329,0.012885502001770554,0.0107025146576313,0.24714199935260694,0.2176830003008945,0.19876896549058315,0.2007258772992768,0.2000493523558306,0.2001496763843398,0.20030612846996965
2026-05-01 13:36:00,99995.0465733365,2118.2244366139544,2995.8452436835664,1760.1155653786532,2489.3650331511385,0.01287852810606419,0.01070127290896759,0.2542729998822324,0.2232650003861636,0.19836092205616537,0.20106619694357653,0.19967153060221612,0.20035102172275546,0.2005503286752865
2026-05-01 13:37:00,100063.6817054009,2119.470444576698,2997.607496523375,1760.8634338409215,2490.4227577892175,0.012877264906253487,0.010698476574337602,0.2506559994799318,0.22099099987826776,0.19919796488676939,0.20049352466507106,0.19963225788605096,0.20022469459164322,0.20045155797046532
2026-05-01 13:38:00,100016.02323098437,2118.57236890546,2996.337330963182,1760.0578246296106,2489.2833693078765,0.01287794199336412,0.010698677516622622,0.26802100001077633,0.2192329993704334,0.19918009370005824,0.20032563083266897,0.1996678462704495,0.20026742041178958,0.2005590087850337
2026-05-01 13:39:00,100156.18490410334,2121.7930939715534,3000.892463886629,1762.5652872510916,2492.829721544416,0.012879470285517709,0.010698925973476549,0.2721559994824929,0.22140399960335344,0.1994184568176996,0.20046266182277817,0.1997203162887853,0.19994284858941472,0.2004557164813221
2026-05-01 13:40:00,100334.78403377005,2126.7044825411485,3007.83873446673,1765.9940023085467,2497.6790186818066,0.01288630390815516,0.0107006570967186,0.24724499962758273,0.21995700080879033,0.19968684635557826,0.20030352340274743,0.20007189424587948,0.19967815869258007,0.20025957730321467
2026-05-01 13:41:00,100275.81240270693,2125.1036690615856,3005.5746734135782,1764.885863674929,2496.1117570651986,0.012884176783711421,0.010700231617736677,0.43753700083470903,0.23256799977389164,0.19954203695286746,0.2003682826677173,0.19996692270010655,0.19980941273094643,0.20031334494836212
2026-05-01 13:42:00,100222.95445616123,2124.5419022728465,3004.7801559238287,1764.1016347821874,2495.00260717642,0.012887564242925788,0.010701117791550193,0.21540899979299866,0.14419199942494743,0.1995692799201635,0.20005914440417177,0.2001565309757059,0.19987052796321905,0.20034451673673986
2026-05-01 13:43:00,100211.03938658172,2123.353233495561,3003.0989989882414,1763.3066292404542,2493.878215667317,0.012881885197155487,0.01069756704015975,0.16641499860270415,0.14016000022820663,0.20013911205361273,0.1997380124980249,0.19987833846992445,0.1998693620138789,0.20037517496455898
2026-05-01 13:44:00,100209.90170695669,2123.5374014251847,3003.359471205663,1763.359399872378,2493.952850179091,0.012883148761006937,0.010698008639936892,0.16910300109884702,0.14016100067237858,0.2000846326368834,0.1995280176622447,0.19994843104145119,0.19994914291648339,0.2004897757429374
2026-05-01 13:45:00,100218.37350492497,2122.8479676325733,3002.384391836013,1763.1985973388407,2493.7254240872458,0.012877877378131805,0.010696128821295614,0.16734500059101265,0.13550999938161112,0.20020956414354582,0.19994528203188167,0.19966568181701874,0.19984368966245186,0.20033578234510185
2026-05-01 13:46:00,100144.16008055082,2118.5162143820708,2996.2579105491327,1760.8513926577525,2490.4057277140746,0.012861123454562542,0.010689805908667678,0.16527700063306838,0.1369559995509917,0.20050696544449684,0.20031073266145252,0.19878874998467905,0.19993612915620565,0.2004574227531661
2026-05-01 13:47:00,100142.1845273137,2117.739086406167,2995.1588036225476,1760.536121912081,2489.959834282025,0.012856659277649918,0.010688102802989775,0.16383100046368781,0.16352100101357792,0.20060078423974878,0.20051013374374244,0.19855923411846896,0.19994598916362005,0.20038385873441975
2026-05-01 13:48:00,100213.67739369364,2118.6308984195707,2996.420110371933,1761.4637432384084,2491.2717868260434,0.012852897553429193,0.01068610537720931,0.16455500008305535,0.17034300071827602,0.20091398625294818,0.20048768741048714,0.19835817558592742,0.19985028455013104,0.20038986620050625
2026-05-01 13:49:00,100236.23352570066,2118.8472930514904,2996.726161429408,1761.7644662613584,2491.6971051362275,0.012851317754852834,0.010685524643225537,0.16744899949117098,0.1380930007144343,0.2009662569936287,0.2005727981624937,0.19826897987772768,0.19980254293533933,0.20038942203081048
2026-05-01 13:50:00,100259.69712213783,2117.961492926917,2995.473357409123,1761.3769899086437,2491.1490899362066,0.012842938850915944,0.010680674341980435,0.16827499894134235,0.13850700088369194,0.20164408194787842,0.20010154440861364,0.19785640335579865,0.19988579480376953,0.20051217548393976
2026-05-01 13:51:00,100144.49856923295,2115.320591391399,2991.738279969989,1759.3602628403721,2488.296794357487,0.012841680008322948,0.010680717432005838,0.1630039987503551,0.13695699999516364,0.2014182632508181,0.20011690881018396,0.19779667210393573,0.20005341111630606,0.20061474471875607
2026-05-01 13:52:00,100246.6829143443,2117.479882516313,2994.7922066146284,1761.0579260199509,2490.697831789596,0.01284168536640246,0.01068012592926405,0.16693200086592697,0.13892000060877763,0.20171279700837283,0.20023602777390614,0.1977930104867805,0.19985087542048696,0.2004072893104536
2026-05-01 13:53:00,100089.74068670333,2114.2794165235937,2990.2657264852674,1758.4065224311985,2486.9479010961577,0.012842381317276294,0.01068076759172063,0.16445100118289702,0.13613000010082033,0.20141130669487858,0.19984483795105015,0.19784540517865767,0.20017395156430393,0.20072449861110958
2026-05-01 13:54:00,100093.20084732797,2113.182695422075,2988.714612902194,1758.1445965302862,2486.577454296054,0.012835275981624022,0.010678807450465127,0.16600200069660787,0.1390230008837534,0.2013191173935789,0.20029916354977428,0.19746185777075695,0.20019334437099576,0.20072651691489413
2026-05-01 13:55:00,100201.18908710359,2117.400021829593,2994.679258121384,1760.620377027876,2490.0789979001706,0.012847031266688937,0.01068232020367247,0.1632109997444786,0.19825100025627762,0.20137169230414648,0.19954295224977212,0.1980907586747454,0.20018793545897964,0.20080666131235642
2026-05-01 13:56:00,100093.45675199025,2113.869156227748,2989.6854875196814,1758.3876838607223,2486.9212573464292,0.01283941265492035,0.010680256634571488,0.1633140000194544,0.1363359988317825,0.20112689200576467,0.19969010048864513,0.19769926043280084,0.20046989304293455,0.2010138540298548
2026-05-01 13:57:00,100162.42867921083,2116.6494336985766,2993.6176870038944,1760.1503111120608,2489.414174704965,0.012847446901477884,0.010683600836591001,0.16310800128849223,0.1363360006507719,0.20092460127634354,0.19966843749694546,0.1981047139833047,0.20033739211869106,0.2009648551247151
2026-05-01 13:58:00,100161.46091095157,2117.1622714484115,2994.3430032201877,1760.1551453409008,2489.421011847067,0.012850683840736253,0.010683733405067078,0.16589799997746013,0.13943700105301104,0.20117589830843466,0.19913220718388913,0.1982981188077561,0.20040161732291534,0.20099215837700488
2026-05-01 13:59:00,100231.48864898914,2119.09995808568,2997.0835104089774,1761.4516384779427,2491.2546668323166,0.01285345867239223,0.010684133021760174,0.16393500118283555,0.14078099957259838,0.20134628599370605,0.19879774727381833,0.19844667165427324,0.20036397457679447,0.20104532050140783
2026-05-01 14:00:00,100253.76968377431,2118.1147465150166,2995.6901068833754,1761.1516830902126,2490.830434203273,0.0128446275384823,0.010679939528906262,0.16620799942757003,0.13850699906470254,0.2018190447684366,0.19888376886145212,0.19799677205198266,0.2003429629759426,0.20095745134218615
2026-05-01 14:01:00,100320.3624583203,2119.822660569686,2998.105642323747,1762.369443746655,2492.552736338726,0.012846451481573944,0.010680229989434816,0.16600100025243592,0.13995399967825506,0.201954296228815,0.19873969079671766,0.19808787537676206,0.20025419707208927,0.2009639405256159
2026-05-01 14:02:00,100298.10877505878,2119.1720476362175,2997.1854680360175,1761.9658786108357,2491.981966465731,0.012845358103873543,0.010680153460313865,0.22853600057715084,0.1436750007997034,0.2018503008561319,0.19883922483747737,0.19802795404869442,0.20029034247297042,0.2009921777847259
2026-05-01 14:03:00,100311.60768336407,2119.2574499650627,2997.3062541794725,1762.143508499128,2492.23319180653,0.012844147103624264,0.010679792793099536,0.16703500114090275,0.14026399912836496,0.20183014358286896,0.19881727631994434,0.19796163983276452,0.20031868441875134,0.20107225584567076
2026-05-01 14:04:00,100237.59757541874,2116.718316109025,2993.715108711505,1760.2927778458422,2489.6156681253046,0.012838230291213979,0.01067645321059417,0.16403799963882193,0.13902399950893596,0.20226994116232508,0.19851314300833114,0.19767235320786156,0.2004012904737268,0.20114327214775543
2026-05-01 14:05:00,100140.60876644943,2115.6098593582415,2992.1473971757187,1758.9641019764501,2487.7364964875355,0.012843934978031225,0.010678727202249744,0.1626939993002452,0.136542999825906,0.20205414367313584,0.1982661077528125,0.19798270181403327,0.20051396519539433,0.20118308156462408
2026-05-01 14:06:00,100261.96576236017,2118.377731450822,2996.0620514967386,1761.142378166301,2490.817274071815,0.012845172190796726,0.010679010057645402,0.16610500097158365,0.13705900164495688,0.20218534532951168,0.19841186464634725,0.198035010285836,0.20032103143117558,0.2010467483071294
2026-05-01 14:07:00,100238.81730464836,2119.061281521971,2997.028809406842,1761.225811667036,2490.935275664102,0.012852284354329158,0.010681982225389563,0.16372800018871203,0.13613000010082033,0.20194167433307852,0.1982190059630725,0.19840245241311635,0.20032582039111768,0.20111104689961487
2026-05-01 14:08:00,100254.97620578227,2117.983530610137,2995.5045257250554,1760.874121450056,2490.437873478773,0.012843677252169922,0.010678127837513287,0.16383100046368781,0.1368529992760159,0.20233753527082388,0.19842811081541012,0.1979598509849244,0.20028522573908245,0.2009892771897591
2026-05-01 14:09:00,100340.61708360625,2119.7872717691057,2998.0555912677464,1762.3763781430323,2492.562543787854,0.012843643895450922,0.01067811610725115,0.5060670009697787,0.14667200048279483,0.20242563922817275,0.19865092167653067,0.197943970932794,0.20011215651139055,0.20086731165111207
2026-05-01 14:10:00,100365.19561502188,2119.80931798339,2998.086771649326,1762.6088800852951,2492.89137572173,0.012840632146641672,0.010676909501044406,0.16682900059095118,0.13406200014287606,0.20252974212001085,0.19882961271170105,0.1977868360121343,0.20007632213700638,0.20077748701914738
2026-05-01 14:11:00,100351.60292187036,2119.7608266334296,2998.018189407696,1762.4200464401413,2492.624304693796,0.01284207764547697,0.010677211691035448,0.16114299978653435,0.13344199942366686,0.20255717491189992,0.19861419408932238,0.19786801665281573,0.2001172534941557,0.20084336085180632
2026-05-01 14:12:00,100440.3842233569,2121.099273948555,2999.911180987638,1763.5900293344414,2494.279033828488,0.012838827775613406,0.010674855689928948,0.16207299995585345,0.13437199959298596,0.20303266651405488,0.1984613430117539,0.19770782942347456,0.2000342315349354,0.20076392951578134
2026-05-01 14:13:00,100463.26181315164,2121.7440655429305,3000.823122044397,1764.1084527813478,2495.0122500027433,0.012839806083682351,0.010675562058660134,0.1591789987287484,0.1319940001849318,0.20291922266132073,0.19858452647400546,0.19775179961554554,0.20000247821124426,0.20074197303788385
2026-05-01 14:14:00,100386.16196875436,2119.8617321193788,2998.1609019620964,1762.8263644299802,2493.1989679807652,0.012838267720120956,0.010675996678336712,0.15855900164751802,0.13333899914869107,0.20255824648973658,0.19879965165965366,0.19766527412909646,0.2001312333374468,0.2008455943840665
2026-05-01 14:15:00,100293.68199953233,2117.535645466997,2994.871073219929,1761.001671125819,2490.618269419289,0.01283600558691585,0.010674780062157618,0.21757900140073616,0.1362329985568067,0.20266040001587612,0.19859624389826955,0.19756181443939863,0.2002549322827845,0.20092660936367115
2026-05-01 14:16:00,100304.1302543414,2117.7167271720737,2995.1271805310785,1761.0945543064463,2490.74963587418,0.012835766075369254,0.010674231093159547,0.16165999841177836,0.1356129996565869,0.20279476670738483,0.198434490478187,0.19756102428131178,0.20029213915346977,0.20091757937964663
2026-05-01 14:17:00,100264.41994221472,2116.652367914297,2993.6218369211833,1760.3626238508602,2489.714452663103,0.012834395976133504,0.01067402059902266,0.1573190002090996,0.13354499969864264,0.20268367933914366,0.19847932761380724,0.1974908157324941,0.20037285032191388,0.20097332699264103
2026-05-01 14:18:00,100242.36215476051,2116.341254250823,2993.181822929817,1759.9831069798456,2489.177694709945,0.012835333251545964,0.010674067639046405,0.17447699974582065,0.13519999993150122,0.2027708178724898,0.19839240078356948,0.19754516242435108,0.2003574543285407,0.20093416459104893
2026-05-01 14:19:00,100304.89837533861,2118.7600939128965,2996.6028340236367,1761.685454859769,2491.585357803151,0.012841991718652381,0.010677730851725948,0.16527800107724033,0.1322010011790553,0.20229011229533628,0.19861370406089857,0.19787210299442706,0.2002961402731284,0.20092794037620978
2026-05-01 14:20:00,100324.21336644454,2118.2820442173625,2995.9267192164166,1761.6813729518092,2491.579584682827,0.012836622361483798,0.010675650377897547,0.16073000006144866,0.13230500007921364,0.20242472941807205,0.19880435335910665,0.19759070115422359,0.20028798062107456,0.20089223544752335
2026-05-01 14:21:00,100349.9537693233,2118.7976918975,2996.6560095707596,1762.1773081399053,2492.280995283494,0.012836453668818259,0.010675916562814084,0.15907699889794458,0.13220199980423786,0.20232678959143133,0.1989099150385674,0.197574629072443,0.20027804820548398,0.20091061809207433
2026-05-01 14:22:00,100354.52826662964,2119.330071445758,2997.4089641254873,1762.4434632238551,2492.6574234978752,0.012839093743614872,0.010677042310222071,0.2260549990751315,0.14501899931929074,0.20222549463773748,0.19879969165111178,0.19770899486995852,0.20028551543308318,0.20098030340810913
2026-05-01 14:23:00,100295.55589730828,2118.1330296581555,2995.7159650816216,1761.3644862126023,2491.1314057202817,0.012839386897632317,0.010676779876230323,0.1635209991945885,0.13644000136991963,0.20229833719313023,0.19855025834953,0.1977361943266322,0.2003673338478647,0.20104787628284276
2026-05-01 14:24:00,100222.43793906251,2116.6348747608763,2993.597096020471,1760.1002928542646,2489.3434329284437,0.012839666039215726,0.010676900501475321,0.16310700084432028,0.1368530010950053,0.2022226047968403,0.1983912281396554,0.19776165344142585,0.2004955267617267,0.20112898686035172
2026-05-01 14:25:00,100188.29187686197,2114.529895435878,2990.619983590908,1758.8218312858385,2487.5352803347914,0.01283126872541093,0.010672781503850967,0.19339299979037605,0.1577319999341853,0.20268872134788687,0.1982610249969106,0.197333968507128,0.20053064498680406,0.20118564016127036
2026-05-01 14:26:00,100201.743219269,2115.64206883918,2992.192951659277,1759.4110989334174,2488.3686928140078,0.012836294143267823,0.01067492404196287,0.16682800014677923,0.1368530010950053,0.20251611468548336,0.1982361325412786,0.1975944473904664,0.2005050934965262,0.2011482118862454
2026-05-01 14:27:00,100216.09098197971,2115.7909763525877,2992.403554397155,1759.702718804432,2488.78113636269,0.012835359734816688,0.010675164831795711,0.16186699940590188,0.13499199849320576,0.2023488216998565,0.19849786085666393,0.19753665249351585,0.2004957600614095,0.20112090488855422
2026-05-01 14:28:00,100221.89388105663,2116.141222128701,2992.898913682201,1759.8881389700502,2489.0433796413768,0.012836741189605832,0.010675671513024204,0.16507100008311681,0.1357160017505521,0.20235134590341397,0.19849842364135434,0.19760431517986551,0.20044265557173652,0.2011032597036296
2026-05-01 14:29:00,100220.82292668516,2115.2493120686345,2991.637468263549,1759.605953900183,2488.644279912005,0.01283146788177476,0.010674073809280232,0.1644509993639076,0.13654200120072346,0.2023534432930172,0.1988743851147304,0.19731931550038764,0.20040848627014946,0.20104436982171542
2026-05-01 14:30:00,100122.3772060941,2111.710844231392,2986.632945675246,1757.3479368555702,2485.450723315107,0.012822598410043568,0.010670858144510445,0.16445100118289702,0.1380929988954449,0.20245303850555607,0.1991254502958905,0.19685924359089504,0.20050062288177808,0.20106164472588026
2026-05-01 14:31:00,100117.82159897826,2111.1770423184507,2985.877979443004,1757.2947621464343,2485.3755173092204,0.012819940403756077,0.010671020795967809,0.16496799980814103,0.1362330003757961,0.20213923595987018,0.19960288158849038,0.19669971932496294,0.20049035460945458,0.20106780851722186
2026-05-01 14:32:00,99954.2744203056,2106.1912014541144,2978.8264095616446,1753.9295197802583,2480.615990810382,0.012810591019370746,0.010668012352911602,0.19670099936774932,0.1380930007144343,0.20203980449113731,0.19970458231191585,0.19621747715059423,0.2007518165280373,0.20128631951831524
2026-05-01 14:33:00,100040.04516417038,2108.299381720939,2981.8080491443184,1755.5976660343697,2482.975281891518,0.01281241937395354,0.010669003531559957,0.16073000006144866,0.13406200014287606,0.2019589227867097,0.19990544538880636,0.19630156876684388,0.20064275795112005,0.20119130510651995
2026-05-01 14:34:00,99981.46369196527,2106.3396879063744,2979.0364167847065,1754.295921974197,2481.134200425479,0.01280801016811372,0.01066733924045241,0.16507100008311681,0.1374729999952251,0.20206660355463227,0.2001289483695326,0.19606983490313448,0.20061955148938698,0.2011150616833136
2026-05-01 14:35:00,99937.19103838003,2105.8678962932436,2978.369152902855,1753.7666146757097,2480.3855910122315,0.012810814085853814,0.010668844940432659,0.16207299995585345,0.17375400057062507,0.2018360809059809,0.2001426291379142,0.19621626465417275,0.20066955678759707,0.2011354685143351
2026-05-01 14:36:00,99886.06911401678,2105.6139564917803,2978.010000995604,1753.1213145414636,2479.4729307178295,0.012815825085245165,0.010670377659261196,0.17024000044330023,0.1682760012045037,0.20185043824336218,0.19997118666980318,0.19649053310000145,0.2006556746157694,0.20103216737106389
2026-05-01 14:37:00,99800.07874610185,2103.8430656767823,2975.5053963212877,1751.5759254787272,2477.2872574750827,0.012816079717756333,0.010670157417571838,0.17065300016838592,0.13736999972024933,0.20190686781777356,0.19976366551673563,0.19651566607014787,0.20073409682395504,0.2010797037713878
2026-05-01 14:38:00,99893.37667312402,2107.6296763900236,2980.8608721145324,1753.8943864260996,2480.5663010371304,0.01282715534878949,0.01067430204275325,0.17179000133182853,0.14036700122233015,0.20172539197161526,0.19939803557544844,0.19708703331474586,0.20064655366366627,0.2011429854745242
2026-05-01 14:39:00,99877.65909388333,2108.2540250512393,2981.7439003408012,1754.0496367133132,2480.7858744810446,0.012832974356463288,0.010676926850576566,0.16972299999906681,0.13757699889538344,0.20143336750650048,0.19926485059177163,0.1973913510748653,0.2007058882076016,0.20120454261926093
2026-05-01 14:40:00,99865.5153686242,2108.5905576774735,2982.21986485628,1754.0965624226458,2480.8522424072567,0.012836583584561618,0.010678510845524994,0.16465699991385918,0.136026001200662,0.20129423078888833,0.1992019512934631,0.1975742401765795,0.20068861654036074,0.2012409612007082
2026-05-01 14:41:00,99824.20436522132,2107.5658220380196,2980.7705616859334,1753.3580585816521,2479.8077623317554,0.012835654923167765,0.010678432322909184,0.16806900021038018,0.13706000027013943,0.20120090683738023,0.19928681228364853,0.1975267795509307,0.20073836735636627,0.20124713397167424
2026-05-01 14:42:00,99850.9858333494,2108.1415940278216,2981.584886998812,1753.8819099917143,2480.5486553778865,0.012835717885306224,0.01067875775733999,0.20445300106075592,0.142434999361285,0.20110280237389724,0.1993568055258244,0.19752358048658658,0.20073729644733004,0.20127951516636172
2026-05-01 14:43:00,99944.91073532663,2110.9480060260094,2985.554049043806,1755.8829258090689,2483.3787302346095,0.012840726482538336,0.010680894233922504,0.16620899987174198,0.1366460001008818,0.20095291925264633,0.19930973116891815,0.1977746957215132,0.2006679782012469,0.2012946756556755
2026-05-01 14:44:00,99920.93357114485,2110.816146997388,2985.367558303305,1755.6295198036516,2483.0203332852925,0.01284300548055854,0.010681915417760236,0.16589799997746013,0.13695699999516364,0.20086245426731553,0.19932950502460367,0.19789165845455156,0.20064950720638,0.20126687504714927
2026-05-01 14:45:00,99967.63913326389,2112.8078042284465,2988.1843971328362,1756.9092457006357,2484.8302740429526,0.012849117476755297,0.010684707453666769,0.16134999896166846,0.1347859997622436,0.20060508085639248,0.19935629818077522,0.19820119146452447,0.20059597521016245,0.20124145428814533
2026-05-01 14:46:00,100005.4101723402,2113.0176881110597,2988.4812399133193,1757.3288689520987,2485.423755215346,0.012845540428500094,0.010683222937179715,0.16383100046368781,0.13674999900104012,0.20075674149558634,0.19955654395543526,0.19801224020042646,0.20052992725801044,0.20114454709054147
2026-05-01 14:47:00,100024.15710384393,2113.6866082100246,2989.4273063745727,1757.6629354909142,2485.8962318963268,0.012847198628703222,0.010683251134227561,0.18450399875291623,0.1366459982818924,0.20094647770994842,0.19938863970806517,0.19810407874837305,0.2004673829625998,0.2010934208710136
2026-05-01 14:48:00,100097.92934147295,2115.383478014062,2991.8272217205135,1759.0054468045007,2487.7949712668487,0.012848036378301812,0.010683531475528063,0.16372700156352948,0.1616609988559503,0.20099010381438048,0.1994880002026806,0.19814156567846164,0.20036950500586273,0.20101082529861444
2026-05-01 14:49:00,100094.93967209845,2115.1335791499782,2991.4737849881135,1758.8695982810405,2487.6028381076635,0.012846902291591775,0.010683025457828817,0.19256599989603274,0.13881699851481244,0.20104581631111562,0.19953260411589027,0.19808295571074513,0.20035609373299876,0.20098253012925021
2026-05-01 14:50:00,100018.90420398772,2112.866697373923,2988.267690832367,1757.2369491233892,2485.293751247457,0.012842889589827352,0.010681222884911036,0.16372699974454008,0.13602699982584454,0.20118798417080686,0.1995562006085589,0.1978863133091411,0.20042522991352524,0.2009442719979678
2026-05-01 14:51:00,100126.4145885764,2115.3725122947235,2991.8117126943894,1759.1831254708295,2488.046265595355,0.012844314621395304,0.010681570933190209,0.1633140000194544,0.13582000065071043,0.20127356539224497,0.19951091577144478,0.19795131105214875,0.20031801230404364,0.2009461954801178
2026-05-01 14:52:00,100106.1976089428,2115.5848242665684,2992.11198956781,1759.1231547809925,2487.9614479042725,0.012848197994954319,0.01068336392419074,0.16341700029443018,0.13519899948732927,0.2010871021389953,0.19948272384472704,0.19814988327308133,0.20031694086119872,0.20096334988199763
2026-05-01 14:53:00,100127.10975633434,2115.747199509536,2992.3416399726148,1759.3390750079561,2488.2668280017647,0.012846500489929915,0.010682443674878502,0.1633140000194544,0.135303000206477,0.20124385537100728,0.19950711418468084,0.19805894603633364,0.20025573062648108,0.200934353781497
2026-05-01 14:54:00,100088.54009598991,2114.657391672903,2990.8003039519967,1758.5311097533868,2487.124107323482,0.012844831258276812,0.010681652477682517,0.16620799942757003,0.13799000043945853,0.20131423279934374,0.19947290072823046,0.1979766462437735,0.20028855892799127,0.2009476613006611
2026-05-01 14:55:00,100152.04283054426,2115.882805114515,2992.5334295675566,1759.7056888981026,2488.7853370228477,0.01284412549697582,0.010682009727247754,0.18595100118545815,0.14108999857853632,0.20116536307718275,0.19974223218199627,0.19792047569470542,0.200214563393021,0.20095736565309455
2026-05-01 14:56:00,100120.79654330047,2115.2488259915085,2991.6367807953943,1759.1308360590026,2487.9723116823475,0.01284428429810507,0.01068185279115517,0.16290100029436871,0.1698260002740426,0.20120329573781337,0.19960664640559017,0.19793764840508452,0.20027111359153532,0.20098129585997662
2026-05-01 14:57:00,100109.84525922716,2114.950886417054,2991.2153991695345,1758.9641625183365,2487.736582113081,0.01284388001225671,0.010682009116305386,0.16135000078065787,0.13468199904309586,0.20110107293297755,0.1997177719392987,0.19791468585608674,0.20029302178498962,0.20097344748664747
2026-05-01 14:58:00,100054.5626602254,2113.4384187413552,2989.076287272728,1757.9116624407338,2486.2480111680197,0.012841786434686902,0.010681515931537551,0.18698399981076363,0.14315899898065254,0.20101151302177817,0.19981120850202713,0.19780716320390312,0.20036765537105464,0.20100245990123702
2026-05-01 14:59:00,100052.2774086346,2113.6644862547573,2989.3960188710757,1758.1005243337502,2486.5151221474443,0.012843453423249726,0.010682907502354606,0.16093600061140023,0.136542999825906,0.20075503020336796,0.20006219474053066,0.19787852189639185,0.2003195680462494,0.20098468511346024
2026-05-01 15:00:00,100035.72897393024,2113.4862228265533,2989.14389750269,1757.9065575586642,2486.2407912358894,0.0128444946770334,0.010683495911833717,0.16341700029443018,0.1368530010950053,0.20066035927646717,0.20007595587129923,0.19793227864752994,0.2003388483242967,0.20099255788040696
2026-05-01 15:01:00,99946.02553260088,2111.1159763866613,2985.7916127303265,1756.2494679465203,2483.897137774487,0.012841604995925609,0.010683004720695185,0.16248700012511108,0.1368530010950053,0.2004635651763489,0.20023859704290078,0.1977829120359748,0.20046593639202653,0.201048989352749
2026-05-01 15:02:00,99923.8048571431,2110.511469276724,2984.9366467886753,1755.8020816946018,2483.264390860736,0.012840782718485596,0.01068265837732291,0.1781979990482796,0.1363359988317825,0.20048680614857972,0.20025409892857052,0.19774198216467442,0.20047721289186585,0.20103989986630938
2026-05-01 15:03:00,99972.91236859422,2111.553409394782,2986.4102825814325,1756.6512131891884,2484.465333737868,0.012840811483565645,0.010682574719909424,0.1614539996808162,0.16755199976614676,0.2005554039638392,0.20032740001791852,0.19773924601764073,0.2004009670145568,0.20097698298604486
2026-05-01 15:04:00,99987.49617795163,2113.0108172428977,2988.471522313358,1757.3782495841215,2485.4935951855678,0.012847800088523102,0.010685437218933074,0.16321000111929607,0.136542999825906,0.2003662126363359,0.20022808097951425,0.19809742902810887,0.20034119851881838,0.2009670788372225
2026-05-01 15:05:00,100007.31755138612,2113.6198314123344,2989.3328626752696,1757.7166137295305,2485.972150053567,0.012848955936760052,0.010685376330913068,0.16321000111929607,0.1343730000371579,0.20049705648244762,0.20001678744699364,0.19816720020031045,0.20035140286116115,0.20096755300908709
2026-05-01 15:06:00,99957.26377381744,2112.2702410574466,2987.4241112815434,1756.7413671744687,2484.5928402396967,0.012847181639551505,0.010684795439103398,0.16196999968087766,0.136026001200662,0.20047303313023507,0.2000250550869635,0.19807782261904391,0.2004156608882339,0.20100842827552373
2026-05-01 15:07:00,99916.6119005514,2111.1731180102192,2985.872429218983,1755.8850509014585,2483.38173579333,0.012845733017051005,0.010683932255527122,0.21334200027922634,0.13809400115860626,0.20058659466722759,0.19991769256327166,0.1980094568024072,0.20045278397753913,0.20103347198955443
2026-05-01 15:08:00,99946.93606892286,2111.625578666677,2986.5123529599114,1756.3291827835656,2484.0098799897523,0.012844587813124793,0.010683392285511914,0.16620899987174198,0.1378859997203108,0.200646634305247,0.1999006255831604,0.19794938020232936,0.20045024016160012,0.20105311974766307
2026-05-01 15:09:00,99963.67046567814,2111.9303965719623,2986.9434627403257,1756.6491859617565,2484.462466591425,0.012844291402434012,0.010683550022749285,0.16341700029443018,0.13581999883172102,0.2005562405091724,0.19997597427517788,0.19793113105315085,0.20046939435038652,0.20106725981211238
2026-05-01 15:10:00,99953.10767190866,2111.7355948995537,2986.6679510175545,1756.4799475743605,2484.2231095104817,0.012844463889253,0.010683649654486696,0.16455500008305535,0.16899900037969928,0.20056313449165936,0.20005272242013802,0.19793715782111135,0.20042677147984866,0.20102021378724247
2026-05-01 15:11:00,100013.28757159741,2112.7761570807907,2988.13963796797,1757.4183702659655,2485.5503386315395,0.012843060459121794,0.010682925545923795,0.16476100063300692,0.13829999988956843,0.20068406603047292,0.20003868675605824,0.19785773325234315,0.20036994045366371,0.20104957350746205
2026-05-01 15:12:00,100090.93948755834,2114.1230194514287,2990.0445311215126,1758.590702885764,2487.2083910278443,0.012841277539783718,0.010681758387219647,0.1622809995751595,0.13643900092574768,0.2009261058813535,0.20003563558204746,0.19776372602303266,0.2002809842071162,0.2009935483064501
2026-05-01 15:13:00,100121.89461313482,2114.5365093378564,2990.6293377586912,1758.9555758599913,2487.7244378383202,0.012839818125157268,0.01068067143061327,0.16248700012511108,0.1357159999315627,0.20114430926441762,0.19993757109020913,0.1976926624654035,0.20025229892020344,0.20097315825976647
2026-05-01 15:14:00,100146.88691039092,2114.8891066739675,2991.128022899919,1759.3131695746902,2488.230189453132,0.01283875436176749,0.01068017682738678,0.16682899877196178,0.13809399933961686,0.2012200753917901,0.19998422438850658,0.19763342451030988,0.20020648242257097,0.20095579328682245
2026-05-01 15:15:00,100172.09789097268,2115.3409503532775,2991.7670740382923,1759.7342159494551,2488.82568337597,0.012838265441837218,0.010680044258430011,0.16124700050568208,0.13488999866240192,0.20123861291451894,0.20008932813122354,0.19760339408481672,0.20015748068736283,0.2009111841820779
2026-05-01 15:16:00,100100.81388677584,2114.158821884356,2990.095167185635,1758.6040877299024,2487.227321468338,0.012840228261929572,0.010680785982146774,0.1623839998501353,0.1366460001008818,0.2011405164498254,0.19986135955166476,0.19771448145795767,0.20026816034764008,0.20101548219291218
2026-05-01 15:17:00,100156.87562143989,2115.1418212929675,2991.4854420082306,1759.4469842205872,2488.4194460604667,0.012839007933690923,0.010679923947372898,0.18574400019133464,0.17396099974575918,0.2013335592003686,0.1998291335485053,0.19764839231365636,0.20019361358219095,0.20099530135527874
2026-05-01 15:18:00,100134.94990248088,2114.8678906638365,2991.098016691916,1759.1643627100648,2488.0197290647484,0.012840156049132422,0.010680546540512129,0.16341700029443018,0.1363360006507719,0.2012387341720226,0.1998149580629207,0.19770653279946324,0.20021234673237037,0.20102742823322314
2026-05-01 15:19:00,100173.45237159813,2115.538029625693,2992.0458070142176,1759.6751341747406,2488.7421228945086,0.01283928793338426,0.010679541280041891,0.16145299923664425,0.1328210000792751,0.20150550590103666,0.19967058826007272,0.19766519977123462,0.2001533887394013,0.20100531732825472
2026-05-01 15:20:00,100190.4772454748,2115.714566404135,2992.295486348895,1759.886594371437,2489.0411950860816,0.012838177443442966,0.010679009700858335,0.16155700177478138,0.13643999955093022,0.2015634880394199,0.19963182945417526,0.19760676783145278,0.2001567473112663,0.2010411673636858
2026-05-01 15:21:00,100202.51617849476,2116.337265738791,2993.176181901135,1760.2271408061533,2489.5228364074937,0.012840413079482202,0.01067979285134251,0.18770699898595922,0.1359230009256862,0.20153401101523155,0.19954995313512458,0.19772670624170227,0.20016036841365523,0.20102896119428632
2026-05-01 15:22:00,100175.64999410915,2115.423120060894,2991.883288223854,1759.6540486879767,2488.712301288195,0.012838308893436276,0.010679179029674074,0.1620740004000254,0.15256400001817383,0.20150286078218846,0.1996420849922444,0.1976162923961792,0.20019466922671458,0.20104409260267334
2026-05-01 15:23:00,100200.97459647668,2116.120976309185,2992.870279633301,1760.1695973584146,2489.4414516112306,0.01283929831900267,0.010679608021248366,0.16166000023076776,0.13499200031219516,0.20147143666755452,0.19963021775362008,0.19766537906658174,0.2001800529776464,0.2010529135345973
2026-05-01 15:24:00,100154.8207375034,2113.993422671069,2989.861239921899,1758.9542335077024,2487.7225393238614,0.012832300377211555,0.010677151987360179,0.16362499991373625,0.13499200031219516,0.2015145352648576,0.19979944251156584,0.19730073304418744,0.2002695462665631,0.20111574291282594
2026-05-01 15:25:00,100156.96800816005,2113.9816105677914,2989.844533838818,1759.0184119394382,2487.81330810461,0.012831953564886511,0.010677312644987863,0.16517500080226455,0.1356129996565869,0.20143576224465212,0.1999278894661495,0.19727670012735476,0.2002541664687561,0.2011054816930875
2026-05-01 15:26:00,100129.9534305502,2113.151855951358,2988.670996050235,1758.497104056746,2487.0760124177777,0.01283037756113339,0.010677028118762458,0.2105510011460865,0.13788700016448274,0.20134105467927732,0.19997459474866885,0.19719119059412668,0.20030958022514234,0.20118357975278472
2026-05-01 15:27:00,100121.68135462282,2112.5778765999994,2987.859206100116,1758.1602523678257,2486.599596645853,0.012827952304112265,0.010675864833280561,0.16248700012511108,0.1356129996565869,0.20146771824142412,0.19996938254368657,0.19706863142420375,0.20031940139376375,0.20117486639692178
2026-05-01 15:28:00,100102.97830160265,2112.0304754301933,2987.0850061793694,1757.8093658554521,2486.1033311552865,0.012827024515444319,0.010675728447863846,0.18915500004368369,0.13840400060871616,0.20142371692015695,0.200096084815285,0.19701633527966936,0.2003095347196728,0.20115432826521576
2026-05-01 15:29:00,100164.47059317316,2113.4822354157286,2989.138258031467,1758.9226313892946,2487.6778438447204,0.012827961417216583,0.010675931537646751,0.1620740004000254,0.16011000116122887,0.2014810027905219,0.20009390088531226,0.19706378772869546,0.20025300672334007,0.20110830187213036
2026-05-01 15:30:00,100166.27037215048,2114.365252745296,2990.3871262916705,1759.332515217244,2488.2575503645776,0.012833090378502828,0.010678227493715525,0.16197000149986707,0.1356129996565869,0.20125032066604204,0.2000034371672969,0.1973276227097292,0.20026326506769637,0.20115535438923546
2026-05-01 15:31:00,100141.59481027632,2113.103680430544,2988.602860491794,1758.6347157790583,2487.270639302747,0.012828593567833037,0.010676622359776664,0.16000599862309173,0.13333900096768048,0.20129280589512324,0.20013725207702937,0.19709394180103296,0.20030983930438526,0.20116616092242934
2026-05-01 15:32:00,100147.02024570109,2113.5680931672846,2989.259688287953,1758.95181401522,2487.7191173894716,0.012830717866585146,0.010677968947159526,0.1630040005693445,0.13736999972024933,0.2010690029746275,0.2002301327097393,0.1971972107479481,0.20031560164032133,0.20118805192736378
2026-05-01 15:33:00,100131.79500898389,2112.688816254298,2988.0161101702993,1758.4552411766629,2487.016804947589,0.012827330214445367,0.01067657757846539,0.16124700050568208,0.1380929988954449,0.20118474803803893,0.20031610876843378,0.19701899976539644,0.2003017378492343,0.20117840557889646
2026-05-01 15:34:00,100146.21502519582,2112.8981474964203,2988.3121713407904,1758.6337982193156,2487.2693415804924,0.012826753997452514,0.010676124226855531,0.1633140000194544,0.13736900109506678,0.20128351931325142,0.2002848493756117,0.19699073690177,0.20028121202547808,0.20115968238388876
2026-05-01 15:35:00,100143.97920559271,2112.7932463689262,2988.1638076743025,1758.549751413137,2487.150472578613,0.012826403531559488,0.010675852348881429,0.17768100042303558,0.149049999890849,0.20133230509313083,0.2002455382234216,0.19697531426409176,0.20028845542558002,0.20115838699377564
2026-05-01 15:36:00,100201.51649657634,2113.9547971418137,2989.806611098766,1759.550094653551,2488.565277113508,0.012826085933728715,0.010675791530282645,0.3046120000362862,0.2927250006905524,0.20136040603550928,0.2003793480236118,0.196951327034443,0.20020942700939767,0.20109949189703824
2026-05-01 15:37:00,100314.39395449244,2116.9388951742403,2994.0270778928425,1761.747078105197,2491.672512735143,0.012829738717703683,0.010677093585597897,0.24889899941626936,0.21509900034288876,0.20135700854648353,0.20038037183517105,0.19713821868501064,0.20011130030685706,0.20101310062647754
2026-05-01 15:38:00,100303.99363434635,2116.4171149473405,2993.2891141605837,1761.3885663143724,2491.1654626677464,0.012827906423126107,0.01067602768087009,0.254170001426246,0.219130000914447,0.2015160431342605,0.20030235365722296,0.19704688391157982,0.20011269389510844,0.2010220254018284
2026-05-01 15:39:00,100318.17744225328,2116.6323992175344,2993.5935948122806,1761.6026762028382,2491.468282368954,0.012827397392569651,0.010675815783516054,0.24724499962758273,0.21520199879887514,0.20154778732551798,0.20036559379150157,0.19701902380465483,0.20008440031878644,0.20098319475953919
2026-05-01 15:40:00,100362.72674003246,2117.430613279845,2994.7225241932656,1762.386030673584,2492.5761955460166,0.012826538788419854,0.010675822216242064,0.3061620009248145,0.24941599986050278,0.20149372323403453,0.2005560213621813,0.19696122908059707,0.20001769637023828,0.20097132995294872
2026-05-01 15:41:00,100376.71598947831,2118.0717092447703,2995.6292384507674,1762.7087136490059,2493.032572236053,0.012828634145087744,0.010676288764474543,0.24538499928894453,0.21282499983499292,0.20156478098938213,0.20044620485877201,0.19707711931424232,0.1999953513779002,0.2009165434597033
2026-05-01 15:42:00,100373.88101971266,2118.021444584704,2995.558148182814,1762.6118273825077,2492.8955441404228,0.012828692029134729,0.010676003474003671,0.2452810003887862,0.24600500000815373,0.20165544070845953,0.20035071468295662,0.19708761808285422,0.20000927989081974,0.20089694663491
2026-05-01 15:43:00,100373.08796401104,2118.815226074645,2996.680808492108,1762.9236695089953,2493.3365884109307,0.012833601300705506,0.010677976644509023,0.24703800045244861,0.21509900034288876,0.20150125328029847,0.20020299426202873,0.19734621050628545,0.20003020240763514,0.2009193395437521
2026-05-01 15:44:00,100384.31873116849,2118.753380944531,2996.5933397443705,1762.9567684385415,2493.383400858629,0.012831790954630837,0.010676982473802662,0.24445400049444288,0.21685599858756177,0.2016486255205201,0.2001921621295054,0.19725493317698034,0.20001335403778342,0.20089092513521078
2026-05-01 15:45:00,100362.1364133576,2118.098814853951,2995.667574431099,1762.599635298399,2492.8783006432013,0.012830661952541835,0.010677178949154304,0.27215500085731037,0.21923399981460534,0.20145242008997533,0.2004030598197291,0.19718988255622544,0.20005202977174047,0.20090260776232968
2026-05-01 15:46:00,100414.58348983583,2119.6601645564415,2997.875821111234,1763.6582369687324,2494.375501187301,0.012833413569890019,0.010678011470626076,0.245177998294821,0.2173729990317952,0.2014852261357901,0.20030320721288614,0.19733382151254225,0.2000027797841435,0.20087496535463797
2026-05-01 15:47:00,100496.52762393441,2121.2059563050316,3000.0620638802684,1764.9615354071202,2496.218781040113,0.012832300612946233,0.010677189042068876,0.24445499911962543,0.250036000579712,0.20170635965443076,0.200394829991163,0.19727165754489479,0.199870049356259,0.20075710345325248
2026-05-01 15:48:00,100518.69891427692,2121.2373769925343,3000.106502758218,1765.1647971284801,2496.5062579715623,0.012829660246090236,0.010676063353939714,0.2462110005581053,0.21582199951808434,0.20183108339097383,0.2004925099502644,0.19712942676007056,0.19981769636048777,0.20072928353820335
2026-05-01 15:49:00,100507.2987992424,2120.8898732946423,2999.615021646728,1764.9754664051634,2496.2384839164965,0.01282901345082894,0.01067612905507484,0.2468310012773145,0.2135480008291779,0.2017307093030487,0.20057584374302484,0.19709255433362438,0.1998458677732429,0.20075502484705915
2026-05-01 15:50:00,100366.32286554402,2117.7572377931738,2995.184475475581,1762.4267623702726,2492.6338031619443,0.012828057701902321,0.010675686428828894,0.24982899958558846,0.21851099882042035,0.20175559961055778,0.20054401413436992,0.19704809268348283,0.19988895387004127,0.2007633397015482
2026-05-01 15:51:00,100415.13459301322,2118.4710670080776,2996.1940577565274,1763.0958984441565,2493.5801750806468,0.012826143823986762,0.010674548225415855,0.2455909998388961,0.21571899924310856,0.2019618724913362,0.20052596923454194,0.19694736218736267,0.19982769181853224,0.20073710426822683
2026-05-01 15:52:00,100357.63401718499,2117.2938972213806,2994.5291640627684,1762.1587664707747,2492.254771447004,0.012826361468031545,0.010674987224247172,0.2663670002220897,0.2291569999215426,0.20179076803817483,0.20050598599499667,0.19696143285433146,0.1999283712419005,0.20081344187059652
2026-05-01 15:53:00,100326.99793717654,2116.4411712947394,2993.3231375117875,1761.4811851964137,2491.296455320103,0.012825110846371598,0.010674140987401881,0.2464179997332394,0.21861399909539614,0.20193384819739324,0.20042747264613317,0.19690290059329202,0.1999369021929953,0.20079887637018629
2026-05-01 15:54:00,100341.34540201933,2117.0978939168285,2994.251952848726,1761.8591710696865,2491.831047953938,0.012827256035644618,0.01067490490212887,0.24755500089668203,0.2244019997306168,0.2018943608952733,0.2002374220092551,0.1970130820590227,0.19995256038137701,0.20090257465507183
2026-05-01 15:55:00,100376.53351635588,2117.7436840343457,2995.165306135819,1762.4983487746713,2492.735049179799,0.012826670695266518,0.010675034042654739,0.21458199989865534,0.13974699868413154,0.20180588724589396,0.20038154703780425,0.1969736714950523,0.19992941064973532,0.20090948357151406
2026-05-01 15:56:00,100402.35977596302,2118.217044956997,2995.834789522073,1762.9747709883238,2493.4088622083364,0.012826237618589016,0.010675172963086442,0.16662100097164512,0.15390800035675056,0.2017398056962521,0.20054426873320066,0.19694218596931534,0.1998862607601503,0.20088747884108155
2026-05-01 15:57:00,100308.36696309102,2115.669543718605,2992.231809905563,1761.0708356190264,2490.716090081928,0.012822816202806477,0.010673636491252103,0.16620799942757003,0.13519900130631868,0.2018473676814396,0.2004357843113881,0.19677120528927547,0.19997403787126697,0.2009716048466298
2026-05-01 15:58:00,100302.84365402051,2115.767840660772,2992.370833146712,1761.057782069211,2490.6976281973175,0.012824118106818681,0.01067414512885995,0.16527799925825093,0.13581900020653848,0.2017982589054673,0.2003479810984359,0.19684139347188873,0.20000440548027207,0.20100796104393592
2026-05-01 15:59:00,100323.01863669744,2116.551837166548,2993.4796543661705,1761.569583881096,2491.4214792667985,0.012826290187306199,0.010675100071368224,0.16155699995579198,0.13519999993150122,0.2017293334279015,0.2003708068472453,0.19695017566171288,0.19996280106488276,0.20098688299825762
2026-05-01 16:00:00,100320.63161128608,2116.124690476125,2992.8755326504825,1761.3709387728159,2491.140531699329,0.012824006807861896,0.010674150257615709,0.16093600061140023,0.13540500003728084,0.20180498374443118,0.20040892720834594,0.19683122729078,0.19996617545714312,0.20098868629929986
