Date,AAPL,MSFT,NVDA,SPY,QQQ
2022-01-03,178.10365295410156,323.1607360839844,30.061138153076172,450.6443786621094,391.18621826171875
2022-01-04,175.84326171875,317.61956787109375,29.231792449951172,450.4934997558594,386.1123962402344
2022-01-05,171.16583251953125,305.4267883300781,27.54914093017578,441.8430480957031,374.25054931640625
2022-01-06,168.30850219726562,303.0133056640625,28.121997833251953,441.4279479980469,373.9875793457031
2022-01-07,168.474853515625,303.1678161621094,27.192848205566406,439.68280029296875,369.936279296875
2022-01-10,168.49441528320312,303.3898010253906,27.345542907714844,439.1356201171875,370.1796875
2022-01-11,171.32240295410156,304.07525634765625,27.761714935302734,443.1354064941406,375.7405090332031
2022-01-12,171.7627410888672,307.2513122558594,27.943359375,444.3334045410156,377.2305603027344
2022-01-13,168.49441528320312,294.24761962890625,26.522184371948242,438.21112060546875,367.7937927246094
2022-01-14,169.35552978515625,299.46075439453125,26.888460159301758,438.3905029296875,370.0823669433594
2022-01-18,166.1557159423828,292.1720886230469,25.851524353027344,430.62664794921875,360.8694152832031
2022-01-19,162.66233825683594,292.8285827636719,25.017183303833008,426.1552734375,356.9057922363281
2022-01-20,160.97921752929688,291.1584777832031,24.102005004882812,421.4384765625,352.2701416015625
2022-01-21,158.92433166503906,285.7812805175781,23.32754898071289,413.1653747558594,342.5021667480469
2022-01-24,158.1512451171875,286.1094970703125,23.32555389404297,414.91998291015625,344.0700988769531
2022-01-25,156.35072326660156,278.5022888183594,22.279632568359375,409.8543701171875,336.0940856933594
2022-01-26,156.26268005371094,286.437744140625,22.72674560546875,408.8260803222656,335.56817626953125
2022-01-27,155.8028106689453,289.4593811035156,21.900388717651367,406.8072814941406,332.1888427734375
2022-01-28,166.67434692382812,297.5879211425781,22.794607162475586,416.9104919433594,342.60931396484375
2022-01-31,171.02883911132812,300.21368408203125,24.437335968017578,424.4195251464844,353.56536865234375
2022-02-01,170.8624725341797,298.0705261230469,24.589038848876953,427.28729248046875,355.9709167480469
2022-02-02,172.0660858154297,302.6078186035156,25.191835403442383,431.43792724609375,358.86322021484375
2022-02-03,169.189208984375,290.82061767578125,23.90040397644043,421.29705810546875,344.3135986328125
2022-02-04,168.9050750732422,295.34820556640625,24.270666122436523,423.278076171875,348.6571044921875
2022-02-07,168.18978881835938,290.5308837890625,24.678857803344727,421.919677734375,345.852294921875
2022-02-08,171.29571533203125,294.0159912109375,25.0580997467041,425.39111328125,349.7381286621094
2022-02-09,172.71640014648438,300.4357604980469,26.651931762695312,431.61724853515625,357.1492614746094
2022-02-10,168.6405487060547,291.911376953125,25.77267837524414,423.8629455566406,349.0660705566406
2022-02-11,165.23086547851562,284.8255920410156,23.901403427124023,415.5048522949219,337.99310302734375
2022-02-14,165.4660186767578,284.78692626953125,24.21877098083496,414.14642333984375,338.4118957519531
2022-02-15,169.29698181152344,290.0675354003906,26.442340850830078,420.82537841796875,346.8262634277344
2022-02-16,169.06182861328125,289.72894287109375,26.458316802978516,421.29705810546875,346.738525390625
2022-02-17,165.4660186767578,281.2451171875,24.45829963684082,412.29754638671875,336.4251708984375
2022-02-18,163.9179229736328,278.53643798828125,23.595016479492188,409.6278991699219,332.58819580078125
2022-02-22,160.99818420410156,278.3332824707031,23.3435115814209,405.2318420410156,329.2476806640625
2022-02-23,156.83409118652344,271.1263427734375,22.342510223388672,398.0435791015625,320.81396484375
2022-02-24,159.4501495361328,284.9792175292969,23.700801849365234,404.0338439941406,331.5948181152344
2022-02-25,161.51748657226562,287.6105041503906,24.108991622924805,412.9484558105469,336.7368469238281
2022-02-28,161.78199768066406,289.0422058105469,24.336536407470703,411.8918762207031,337.73992919921875
2022-03-01,159.90084838867188,285.3274841308594,23.430339813232422,405.6186828613281,332.56866455078125
2022-03-02,163.1929168701172,290.396484375,24.175987243652344,413.08050537109375,338.14892578125
2022-03-03,162.86956787109375,286.2657775878906,23.6709041595459,411.0240173339844,333.3185119628906
2022-03-04,159.8714599609375,280.4034118652344,22.894317626953125,407.6846618652344,328.4881286621094
2022-03-07,156.07968139648438,269.8107604980469,21.313196182250977,395.6663818359375,316.3730773925781
2022-03-08,154.25729370117188,266.8504943847656,21.47490119934082,392.66656494140625,314.9025573730469
2022-03-09,159.65589904785156,279.0878601074219,22.97218132019043,403.19427490234375,326.2384033203125
2022-03-10,155.31544494628906,276.27276611328125,22.616825103759766,401.3736267089844,322.6155700683594
2022-03-11,151.60206604003906,270.93292236328125,22.059843063354492,396.2701721191406,315.92510986328125
2022-03-14,147.5751495361328,267.42132568359375,21.291234970092773,393.3740539550781,309.85791015625
2022-03-15,151.95481872558594,277.7818908691406,22.931249618530273,402.02459716796875,319.5771484375
2022-03-16,156.36378479003906,284.7857666015625,24.451486587524414,410.93914794921875,331.42919921875
2022-03-17,157.3730010986328,285.5885925292969,24.720993041992188,416.0803527832031,335.44158935546875
2022-03-18,160.66510009765625,290.62860107421875,26.404924392700195,420.6375427246094,342.30743408203125
2022-03-21,162.03675842285156,289.4001159667969,26.685415267944336,420.5146179199219,341.3558044433594
2022-03-22,165.40724182128906,294.14019775390625,26.475797653198242,425.4352111816406,348.0643005371094
2022-03-23,166.7691192626953,289.7193603515625,25.58741569519043,419.9562683105469,343.0621032714844
2022-03-24,170.5510711669922,294.1788635253906,28.09884262084961,426.286865234375,350.68719482421875
2022-03-25,171.18798828125,293.7726135253906,27.641672134399414,428.3686828613281,350.3948059082031
2022-03-28,172.05014038085938,300.5635986328125,28.16771697998047,431.4156494140625,355.8161315917969
2022-03-29,175.3422088623047,305.11993408203125,28.603923797607422,436.75262451171875,361.9396667480469
2022-03-30,174.17626953125,303.6204833984375,27.639677047729492,434.0557861328125,357.9418640136719
2022-03-31,171.08018493652344,298.2514953613281,27.236413955688477,427.3750915527344,353.5052490234375
2022-04-01,170.78623962402344,299.3254089355469,26.663454055786133,428.58624267578125,352.83245849609375
2022-04-04,174.83273315429688,304.6943359375,27.31028175354004,432.2578430175781,360.09686279296875
2022-04-05,171.5210723876953,300.7377624511719,25.883874893188477,426.7977600097656,352.10107421875
2022-04-06,168.35633850097656,289.72894287109375,24.362648010253906,422.5301513671875,344.45654296875
2022-04-07,168.6601104736328,291.5379638671875,24.164003372192383,424.6592712402344,345.2755432128906
2022-04-08,166.65155029296875,287.2815246582031,23.076984405517578,423.52374267578125,340.4489440917969
2022-04-11,162.39926147460938,275.95361328125,21.877166748046875,416.2846984863281,332.394775390625
2022-04-12,164.2706756591797,272.8579406738281,21.46491813659668,414.74237060546875,330.9906921386719
2022-04-13,166.95526123046875,278.236572265625,22.16265106201172,419.49261474609375,337.7186584472656
2022-04-14,161.94859313964844,270.70062255859375,21.219362258911133,414.2691955566406,329.99609375
2022-04-18,161.73304748535156,271.36822509765625,21.74341583251953,414.439453125,330.2496032714844
2022-04-19,164.01593017578125,275.9922180175781,22.157657623291016,421.1296691894531,337.6309509277344
2022-04-20,163.84938049316406,277.0176696777344,21.442956924438477,420.81744384765625,332.706787109375
2022-04-21,163.05575561523438,271.6487731933594,20.146316528320312,414.5247497558594,325.82269287109375
2022-04-22,158.51931762695312,265.0898742675781,19.479534149169922,403.1504821777344,317.29083251953125
2022-04-25,159.58729553222656,271.5617370605469,19.865833282470703,405.48773193359375,321.3666687011719
2022-04-26,153.63026428222656,261.4041442871094,18.75385284423828,393.7445068359375,309.2366638183594
2022-04-27,153.40487670898438,273.98016357421875,18.381534576416016,394.85162353515625,308.8661193847656
2022-04-28,160.33192443847656,280.18096923828125,19.746051788330078,404.8253173828125,319.8357238769531
2022-04-29,154.46302795410156,268.466064453125,18.51329231262207,389.86474609375,305.443603515625
2022-05-02,154.7667694091797,275.1893615722656,19.49750328063965,392.21160888671875,310.5432434082031
2022-05-03,156.2560577392578,272.58709716796875,19.56637954711914,394.0094299316406,310.87481689453125
2022-05-04,162.66384887695312,280.5195617675781,20.297046661376953,406.0082092285156,321.3860778808594
2022-05-05,153.60081481933594,268.3016357421875,18.809755325317383,391.5775146484375,305.1998596191406
2022-05-06,154.32693481445312,265.7670593261719,18.64105987548828,389.24017333984375,301.5433349609375
2022-05-09,149.20492553710938,255.9482879638672,16.91919708251953,376.7778015136719,289.744873046875
2022-05-10,151.60891723632812,260.707763671875,17.563026428222656,377.6484069824219,293.26483154296875
2022-05-11,143.74937438964844,252.0496826171875,16.599777221679688,371.64892578125,284.56707763671875
2022-05-12,139.8832550048828,247.01939392089844,16.145605087280273,371.260986328125,283.89434814453125
2022-05-13,144.3478546142578,252.6011505126953,17.6738224029541,380.1369934082031,294.4154052734375
2022-05-16,142.80734252929688,252.96871948242188,17.232624053955078,378.5946044921875,291.0026550292969
2022-05-17,146.43789672851562,258.11517333984375,18.143964767456055,386.3824462890625,298.5400390625
2022-05-18,138.17599487304688,246.36329650878906,16.907217025756836,370.80682373046875,283.8845520019531
2022-05-19,134.77113342285156,245.45181274414062,17.092884063720703,368.5357666015625,282.3634338378906
2022-05-20,135.00662231445312,244.88943481445312,16.66366195678711,368.6966247558594,281.4858703613281
2022-05-23,140.42298889160156,252.73373413085938,16.867292404174805,375.5949401855469,286.1662902832031
2022-05-24,137.72462463378906,251.73495483398438,16.1246395111084,372.7276916503906,280.081787109375
2022-05-25,137.88162231445312,254.5469207763672,16.94414710998535,376.02081298828125,284.0015563964844
2022-05-26,141.0803985595703,257.82427978515625,17.818561553955078,383.5341491699219,291.8704528808594
2022-05-27,146.8303680419922,264.94140625,18.776813507080078,392.9496765136719,301.39703369140625
2022-05-31,146.0453643798828,263.613037109375,18.6380672454834,390.7447814941406,300.5974426269531
2022-06-01,145.91783142089844,264.1462707519531,18.28670883178711,387.5842590332031,298.374267578125
2022-06-02,148.3709259033203,266.2406005859375,19.556396484375,394.9652404785156,306.5453796386719
2022-06-03,142.6503448486328,261.819091796875,18.685977935791016,388.4832763671875,298.5692443847656
2022-06-06,143.3960723876953,260.5877380371094,18.751861572265625,389.6661071777344,299.5638122558594
2022-06-07,145.91783142089844,264.2237854003906,18.8916072845459,393.4038391113281,302.1477966308594
2022-06-08,145.1819305419922,262.1972961425781,18.618043899536133,389.1267395019531,299.9734191894531
2022-06-09,139.9617919921875,256.74798583984375,18.01900863647461,379.87213134765625,291.938720703125
2022-06-10,134.5552215576172,245.30638122558594,16.946735382080078,368.8575744628906,281.6418762207031
2022-06-13,129.40380859375,234.90223693847656,15.621866226196289,354.85260009765625,268.5466003417969
2022-06-14,130.26730346679688,237.06454467773438,15.810563087463379,353.78338623046875,269.03411865234375
2022-06-15,132.88719177246094,244.1137237548828,16.50045394897461,358.8269958496094,275.75244140625
2022-06-16,127.6180191040039,237.52996826171875,15.575939178466797,346.9512023925781,264.6268005371094
2022-06-17,129.08982849121094,240.1285400390625,15.8544921875,347.69927978515625,267.84454345703125
2022-06-21,133.31887817382812,246.0336456298828,16.539390563964844,356.4520568847656,274.6020812988281
2022-06-22,132.8086700439453,245.442138671875,16.33371925354004,355.80584716796875,274.20166015625
2022-06-23,135.6738739013672,250.99807739257812,16.198936462402344,359.2935791015625,278.2852478027344
2022-06-24,139.00018310546875,259.5696105957031,17.09848976135254,370.7169494628906,287.82025146484375
2022-06-27,139.00018310546875,256.84503173828125,16.841903686523438,369.3009033203125,285.7100830078125
2022-06-28,134.8594207763672,248.69041442871094,15.956327438354492,361.7550354003906,277.0054016113281
2022-06-29,136.61582946777344,252.3555908203125,15.517032623291016,361.46038818359375,277.2593994140625
2022-06-30,134.1529541015625,249.02976989746094,15.134649276733398,358.5238037109375,273.8205871582031
2022-07-01,136.32144165039062,251.6962127685547,14.499670028686523,362.3157653808594,275.62786865234375
2022-07-05,138.90206909179688,254.86697387695312,14.939963340759277,363.0000305175781,280.3465270996094
2022-07-06,140.23654174804688,258.1249084472656,15.105698585510254,364.2259826660156,282.1441345214844
2022-07-07,143.60211181640625,260.248291015625,15.832527160644531,369.68109130859375,288.1817321777344
2022-07-08,144.27919006347656,259.53082275390625,15.81256103515625,369.3769836425781,288.5431823730469
2022-07-11,142.14991760253906,256.4764709472656,15.127662658691406,365.15728759765625,282.378662109375
2022-07-12,143.12136840820312,245.96571350097656,15.057772636413574,361.92608642578125,279.6431884765625
2022-07-13,142.7582550048828,245.0446014404297,15.139642715454102,360.025390625,279.06683349609375
2022-07-14,145.68234252929688,246.36329650878906,15.347309112548828,359.15106201171875,280.0633239746094
2022-07-15,147.35044860839844,248.92308044433594,15.73668098449707,366.0126647949219,285.1434631347656
2022-07-18,144.30865478515625,246.528076171875,16.075136184692383,362.9905090332031,282.7303771972656
2022-07-19,148.16482543945312,251.64779663085938,16.964704513549805,372.7982482910156,291.42523193359375
2022-07-20,150.1665496826172,254.30453491210938,17.778398513793945,375.17413330078125,296.0462646484375
2022-07-21,152.4331512451172,256.7965087890625,18.02100372314453,378.9945983886719,300.2959899902344
2022-07-22,151.1968536376953,252.45254516601562,17.291183471679688,375.4782409667969,295.0302429199219
2022-07-25,150.07821655273438,250.968994140625,16.996654510498047,375.93438720703125,293.349853515625
2022-07-26,148.75360107421875,244.2494659423828,16.50644302368164,371.48675537109375,287.5858154296875
2022-07-27,153.8461151123047,260.5780029296875,17.761423110961914,381.13299560546875,299.73919677734375
2022-07-28,154.39559936523438,268.01513671875,17.955110549926758,385.9132385253906,302.6700134277344
2022-07-29,159.45870971679688,272.2135925292969,18.13382339477539,391.5393981933594,308.1898193359375
2022-08-01,158.4774627685547,269.5664978027344,18.411376953125,390.3799133300781,308.004150390625
2022-08-02,157.0056610107422,266.4733581542969,18.496244430541992,387.8044128417969,307.08575439453125
2022-08-03,163.01077270507812,273.89105224609375,18.86264991760254,393.8772888183594,315.4485168457031
2022-08-04,162.69674682617188,275.0351257324219,19.18413543701172,393.6111755371094,316.9237365722656
2022-08-05,162.4707489013672,274.3177490234375,18.95849609375,392.9458923339844,314.3348388671875
2022-08-08,161.9990997314453,271.8063659667969,17.76441764831543,392.48974609375,313.3188171386719
2022-08-09,162.0482940673828,273.7261962890625,17.058557510375977,390.9311828613281,309.7724609375
2022-08-10,166.2930450439453,280.3778991699219,18.06792640686035,399.1422424316406,318.4184265136719
2022-08-11,165.5560760498047,278.3028564453125,17.913177490234375,399.1422424316406,316.61114501953125
2022-08-12,169.10325622558594,283.0443115234375,18.67894744873047,405.8993835449219,322.7757263183594
2022-08-15,170.17425537109375,284.5569152832031,19.001428604125977,407.57196044921875,325.3841857910156
2022-08-16,170.01702880859375,283.8200378417969,18.848676681518555,408.3702087402344,324.6221618652344
2022-08-17,171.5105743408203,283.0718078613281,18.305545806884766,405.4716491699219,320.91949462890625
2022-08-18,171.11753845214844,281.9543762207031,18.742847442626953,406.6501159667969,321.6913146972656
2022-08-19,168.53335571289062,278.04815673828125,17.820329666137695,401.18560791015625,315.4192199707031
2022-08-22,164.65213012695312,269.885986328125,17.00663948059082,392.8318786621094,307.1151123046875
2022-08-23,164.3180389404297,268.6131896972656,17.15340232849121,391.881591796875,306.8611755371094
2022-08-24,164.61279296875,267.98150634765625,17.194339752197266,393.1359558105469,307.75018310546875
2022-08-25,167.0692596435547,270.9548645019531,17.884225845336914,398.6861572265625,313.1917419433594
2022-08-26,160.77088928222656,260.49957275390625,16.2338809967041,385.19091796875,300.3545837402344
2022-08-29,158.56988525390625,257.7205810546875,15.775618553161621,382.6440124511719,297.3944091796875
2022-08-30,156.1428985595703,255.5244903564453,15.443154335021973,378.4433288574219,294.08258056640625
2022-08-31,154.48231506347656,254.06695556640625,15.069753646850586,375.5638427734375,292.3729553222656
2022-09-01,155.20945739746094,253.02725219726562,13.914612770080566,376.7422180175781,292.4999084472656
2022-09-02,153.09689331054688,248.81015014648438,13.625078201293945,372.7697448730469,288.3674011230469
2022-09-06,151.8391876220703,246.0797119140625,13.443370819091797,371.3632507324219,286.29620361328125
2022-09-07,153.24429321289062,250.78265380859375,13.696040153503418,378.0347595214844,292.079833984375
2022-09-08,151.77037048339844,251.200439453125,13.9716796875,380.5057067871094,293.5940856933594
2022-09-09,154.62973022460938,256.9723205566406,14.368158340454102,386.41693115234375,300.0126953125
2022-09-12,160.58421325683594,259.1002502441406,14.486002922058105,390.570068359375,303.57861328125
2022-09-13,151.1611785888672,244.85537719726562,13.113801002502441,373.5870361328125,286.9313049316406
2022-09-14,152.6055908203125,245.07888793945312,13.110808372497559,375.0126647949219,289.20758056640625
2022-09-15,149.71678161621094,238.4325408935547,12.912066459655762,370.75494384765625,284.3912048339844
2022-09-16,148.07583618164062,237.81063842773438,13.180713653564453,367.92657470703125,282.65228271484375
2022-09-19,151.79005432128906,237.59689331054688,13.36447525024414,370.77972412109375,284.8533020019531
2022-09-20,154.16790771484375,235.58547973632812,13.158745765686035,366.52374267578125,282.5827331542969
2022-09-21,151.0432891845703,232.18458557128906,13.243632316589355,360.13018798828125,277.52276611328125
2022-09-22,150.08033752441406,234.1571044921875,12.544549942016602,357.1051940917969,274.1071472167969
2022-09-23,147.81056213378906,231.18374633789062,12.499608039855957,351.12188720703125,269.6442565917969
2022-09-26,148.14466857910156,230.72705078125,12.211986541748047,347.64837646484375,268.5284729003906
2022-09-27,149.11740112304688,229.71649169921875,12.396742820739746,346.7608337402344,268.6361083984375
2022-09-28,147.23085021972656,234.24456787109375,12.719320297241211,353.5838928222656,273.9798889160156
2022-09-29,139.99899291992188,230.775634765625,12.203993797302246,346.1979064941406,266.0816955566406
2022-09-30,135.79351806640625,226.305908203125,12.123102188110352,340.8444519042969,261.56982421875
2022-10-03,139.96951293945312,233.92388916015625,12.495614051818848,349.8431701660156,267.7063903808594
2022-10-04,143.5559539794922,241.8334197998047,13.149754524230957,360.68365478515625,276.12322998046875
2022-10-05,143.85073852539062,242.14439392089844,13.19170093536377,359.8438415527344,275.9764404296875
2022-10-06,142.89761352539062,239.8026123046875,13.112804412841797,356.1318664550781,273.80377197265625
2022-10-07,137.65060424804688,227.60792541503906,12.060185432434082,346.1979064941406,263.3706970214844
2022-10-10,137.974853515625,222.75921630859375,11.654715538024902,343.55450439453125,260.7379455566406
2022-10-11,136.55992126464844,219.0279541015625,11.570826530456543,341.3788757324219,257.1558532714844
2022-10-12,135.93109130859375,219.35830688476562,11.484938621520996,340.2528076171875,257.0677490234375
2022-10-13,140.50010681152344,227.60792541503906,11.944336891174316,349.23248291015625,263.09661865234375
2022-10-14,135.9704132080078,222.08876037597656,11.212296485900879,341.2738037109375,255.18865966796875
2022-10-17,139.9302520751953,230.8047637939453,11.872429847717285,350.0436706542969,263.6153259277344
2022-10-18,141.24688720703125,231.74734497070312,11.951326370239258,354.156494140625,265.7000427246094
2022-10-19,141.35498046875,229.78453063964844,12.03521728515625,351.6467590332031,264.7310791015625
2022-10-20,140.89317321777344,229.4638214111328,12.178030967712402,348.6980895996094,263.38037109375
2022-10-21,144.70559692382812,235.2648162841797,12.449673652648926,357.1719665527344,269.5561218261719
2022-10-24,146.84762573242188,240.24960327148438,12.582501411437988,361.54248046875,272.5216064453125
2022-10-25,149.6873321533203,243.56301879882812,13.243632316589355,367.3157958984375,278.1589660644531
2022-10-26,146.74940490722656,224.7706298828125,12.879110336303711,364.5483703613281,272.0126647949219
2022-10-27,142.27862548828125,220.32998657226562,13.158745765686035,362.6017150878906,267.0604248046875
2022-10-28,153.0281219482422,229.1917724609375,13.815881729125977,371.2283020019531,275.23260498046875
2022-10-31,150.6698760986328,225.5576629638672,13.479324340820312,368.5467529296875,272.03216552734375
2022-11-01,148.02676391601562,221.70977783203125,13.525263786315918,366.9339904785156,269.2526550292969
2022-11-02,142.5045928955078,213.86830139160156,13.201687812805176,357.7254638671875,260.0234375
2022-11-03,136.46168518066406,208.1838836669922,13.403423309326172,354.04193115234375,254.94400024414062
2022-11-04,136.1959686279297,215.12171936035156,14.137459754943848,359.1377258300781,259.0447692871094
2022-11-07,136.72744750976562,221.4182891845703,14.282270431518555,362.5731201171875,261.892822265625
2022-11-08,137.2982940673828,222.38995361328125,14.582877159118652,364.5293273925781,263.80126953125
2022-11-09,132.74134826660156,218.1533966064453,13.75795841217041,357.0193176269531,257.71368408203125
2022-11-10,144.55194091796875,236.1004638671875,15.72937297821045,376.6389465332031,276.7300109863281
2022-11-11,147.33731079101562,240.11355590820312,16.305618286132812,380.2843017578125,281.8291320800781
2022-11-14,145.93971252441406,234.71096801757812,16.27366065979004,377.0493469238281,279.3627624511719
2022-11-15,147.67189025878906,235.1190643310547,16.644174575805664,380.2651672363281,283.2287292480469
2022-11-16,146.441650390625,235.5478057861328,15.889163970947266,377.3642883300781,279.3627624511719
2022-11-17,148.34120178222656,235.49905395507812,15.656468391418457,376.20947265625,278.7462158203125
2022-11-18,148.90220642089844,235.05088806152344,15.388819694519043,377.9177551269531,278.7559509277344
2022-11-21,145.67391967773438,235.85963439941406,15.2969388961792,376.5435485839844,275.88836669921875
2022-11-22,147.80970764160156,238.76341247558594,16.016998291015625,381.6107177734375,279.8619079589844
2022-11-23,148.68565368652344,241.2481689453125,16.497365951538086,384.0154113769531,282.6708068847656
2022-11-25,145.7724151611328,241.1605224609375,16.248693466186523,383.92950439453125,280.811279296875
2022-11-28,141.94375610351562,235.57705688476562,15.80627155303955,377.80316162109375,276.6908874511719
2022-11-29,138.94192504882812,234.18360900878906,15.618517875671387,377.1542053222656,274.596435546875
2022-11-30,145.69363403320312,248.6148223876953,16.905162811279297,389.0348205566406,287.1141052246094
2022-12-01,145.96920776367188,248.17636108398438,17.11693572998047,388.7486267089844,287.46649169921875
2022-12-02,145.47711181640625,248.49794006347656,16.85820960998535,388.3000793457031,286.3214111328125
2022-12-05,144.31573486328125,243.80117797851562,16.59248924255371,381.3148498535156,281.5159606933594
2022-12-06,140.65444946289062,238.85110473632812,15.970149040222168,375.81829833984375,275.6827697753906
2022-12-07,138.7155303955078,238.12030029296875,16.103010177612305,375.1789855957031,274.5573425292969
2022-12-08,140.39857482910156,241.07281494140625,17.150903701782227,378.1180725097656,277.8066101074219
2022-12-09,139.91629028320312,239.14341735839844,16.98307991027832,375.29339599609375,276.03509521484375
2022-12-12,142.20948791503906,246.05209350585938,17.516517639160156,380.70416259765625,279.4997863769531
2022-12-13,143.17404174804688,250.349365234375,18.052949905395508,383.58599853515625,282.50439453125
2022-12-14,140.94973754882812,250.6416778564453,17.655370712280273,381.133544921875,280.4100036621094
2022-12-15,134.34564208984375,242.64163208007812,16.934127807617188,371.8103942871094,270.99481201171875
2022-12-16,132.3870391845703,238.43209838867188,16.553529739379883,367.4207458496094,268.4110412597656
2022-12-19,130.2808074951172,234.30055236816406,16.23686408996582,364.3051452636719,264.6388854980469
2022-12-20,130.21192932128906,235.61602783203125,16.06804656982422,364.8036193847656,264.43292236328125
2022-12-21,133.31219482421875,238.1787567138672,16.483606338500977,370.2583312988281,268.26873779296875
2022-12-22,130.14300537109375,232.0983428955078,15.322830200195312,364.9761962890625,261.70550537109375
2022-12-23,129.7788543701172,232.62454223632812,15.189971923828125,367.0756530761719,262.2941589355469
2022-12-27,127.97772979736328,230.89984130859375,14.106115341186523,365.6280822753906,258.5858154296875
2022-12-28,124.05071258544922,228.53196716308594,14.021204948425293,361.0841064453125,255.17173767089844
2022-12-29,127.56433868408203,234.8462371826172,14.587607383728027,367.583740234375,261.39166259765625
2022-12-30,127.87928771972656,233.68666076660156,14.59859561920166,366.6154479980469,261.2345886230469
2023-01-03,123.09603881835938,233.4528045654297,14.299910545349121,365.07208251953125,259.4688415527344
2023-01-04,124.36566162109375,223.2408447265625,14.733452796936035,367.8904724121094,260.704833984375
2023-01-05,123.04680633544922,216.62448120117188,14.24996280670166,363.691650390625,256.6236572265625
2023-01-06,127.57418823242188,219.17747497558594,14.84333610534668,372.03179931640625,263.7069091796875
2023-01-09,128.09584045410156,221.31146240234375,15.611527442932129,371.8209228515625,265.4138488769531
2023-01-10,128.66668701171875,222.9972381591797,15.892231941223145,374.4284362792969,267.6604919433594
2023-01-11,131.38314819335938,229.74026489257812,15.984131813049316,379.1641845703125,272.2910461425781
2023-01-12,131.3043975830078,232.41014099121094,16.49359130859375,380.54461669921875,273.76263427734375
2023-01-13,132.63304138183594,233.1117401123047,16.881189346313477,382.0208740234375,275.64630126953125
2023-01-17,133.79446411132812,234.20310974121094,17.68334197998047,381.3211364746094,276.2054443359375
2023-01-18,133.0760040283203,229.7792205810547,17.358680725097656,375.3008117675781,272.61480712890625
2023-01-19,133.13502502441406,225.9984588623047,16.74732780456543,372.5686950683594,269.9365234375
2023-01-20,135.69398498535156,234.076416015625,17.8201961517334,379.5093078613281,277.3238830566406
2023-01-23,138.88287353515625,236.37608337402344,19.172773361206055,384.0628356933594,283.4848327636719
2023-01-24,140.28042602539062,235.8498992919922,19.24468994140625,383.6506042480469,282.90606689453125
2023-01-25,139.62100219726562,234.4564666748047,19.302629470825195,383.79443359375,282.2781982421875
2023-01-26,141.68792724609375,241.657470703125,19.7811222076416,388.0124816894531,287.78192138671875
2023-01-27,143.6267852783203,241.8133544921875,20.34352684020996,388.9040222167969,290.6466064453125
2023-01-30,140.7430419921875,236.50274658203125,19.141801834106445,384.0245056152344,284.7701110839844
2023-01-31,142.01266479492188,241.4723358154297,19.51640510559082,389.67095947265625,289.03765869140625
2023-02-01,143.13467407226562,246.28598022460938,20.92091941833496,393.812255859375,295.2182922363281
2023-02-02,148.4396209716797,257.8329772949219,21.686113357543945,399.5450744628906,305.8135681152344
2023-02-03,152.06153869628906,251.74276733398438,21.077760696411133,395.2982482910156,300.3785400390625
2023-02-06,149.33526611328125,250.20315551757812,21.066770553588867,392.8824462890625,297.837646484375
2023-02-07,152.20916748046875,260.7171936035156,22.149627685546875,398.020751953125,304.00848388671875
2023-02-08,149.52224731445312,259.90850830078125,22.181591033935547,393.6684265136719,298.60284423828125
2023-02-09,148.48880004882812,256.8780517578125,22.313453674316406,390.2557373046875,295.9638671875
2023-02-10,148.85354614257812,256.3712463378906,21.242584228515625,391.16644287109375,294.0213928222656
2023-02-13,151.6529998779297,264.38104248046875,21.765031814575195,395.75836181640625,298.73046875
2023-02-14,151.0122833251953,265.2093811035156,22.946786880493164,395.5762023925781,300.93780517578125
2023-02-15,153.1118621826172,263.08953857421875,22.740005493164062,396.86083984375,303.2432861328125
2023-02-16,151.5150146484375,256.0853576660156,21.978805541992188,391.3965148925781,297.5531311035156
2023-02-17,150.37155151367188,252.0900115966797,21.365449905395508,390.4187316894531,295.4537353515625
2023-02-21,146.3596649169922,246.82472229003906,20.633230209350586,382.5865478515625,288.45880126953125
2023-02-22,146.78353881835938,245.6915283203125,20.73212242126465,382.05926513671875,288.6746826171875
2023-02-23,147.26654052734375,248.87615966796875,23.639053344726562,384.0915832519531,291.1959533691406
2023-02-24,144.61492919921875,243.45452880859375,23.261455535888672,379.9886474609375,286.32012939453125
2023-02-27,145.8076629638672,244.3727569580078,23.476224899291992,381.2827453613281,288.37054443359375
2023-02-28,145.30494689941406,243.64990234375,23.1915283203125,379.8735656738281,287.9977111816406
2023-03-01,143.2349090576172,240.57276916503906,22.674072265625,378.41644287109375,285.68243408203125
2023-03-02,143.82638549804688,245.30081176757812,23.2894229888916,381.3594055175781,288.0467224121094
2023-03-03,148.87327575683594,249.38409423828125,23.864816665649414,387.4756164550781,294.0018005371094
2023-03-06,151.63327026367188,250.9275360107422,23.5291690826416,387.7440490722656,294.3353576660156
2023-03-07,149.43515014648438,248.27044677734375,23.267406463623047,381.8004455566406,290.7250671386719
2023-03-08,150.68701171875,247.83087158203125,24.159610748291016,382.423583984375,292.17706298828125
2023-03-09,148.43955993652344,246.4828338623047,23.41526985168457,375.36798095703125,287.1147766113281
2023-03-10,146.37939453125,242.83908081054688,22.94468879699707,369.9515686035156,283.0826110839844
2023-03-13,148.3212432861328,248.04580688476562,22.945688247680664,369.42431640625,285.18212890625
2023-03-14,150.41098022460938,254.75685119628906,24.041717529296875,375.5309143066406,291.73553466796875
2023-03-15,150.80526733398438,259.2992858886719,24.206571578979492,373.1822204589844,293.2659912109375
2023-03-16,153.6244354248047,269.8103942871094,25.51841163635254,379.7297668457031,300.9967041015625
2023-03-17,152.7865447998047,272.9656677246094,25.702251434326172,375.2897033691406,299.57415771484375
2023-03-20,155.15231323242188,265.93218994140625,25.877090454101562,378.8982849121094,300.6372985839844
2023-03-21,157.00543212890625,267.44635009765625,26.17582893371582,383.8735046386719,304.9311218261719
2023-03-22,155.57615661621094,265.99078369140625,26.444589614868164,377.32977294921875,300.7846984863281
2023-03-23,156.66043090820312,271.2366027832031,27.166950225830078,378.3498229980469,304.35137939453125
2023-03-24,157.96160888671875,274.0793151855469,26.75531578063965,380.8325500488281,305.47149658203125
2023-03-27,156.0197296142578,269.9861755371094,26.507535934448242,381.544677734375,303.3786315917969
2023-03-28,155.3987274169922,268.8628234863281,26.386640548706055,380.6882019042969,301.7672119140625
2023-03-29,158.4741668701172,274.0206604003906,26.96013069152832,386.22149658203125,307.2696533203125
2023-03-30,160.0414581298828,277.478759765625,27.358779907226562,388.4828796386719,310.1780700683594
2023-03-31,162.54519653320312,281.63043212890625,27.752431869506836,393.9584045410156,315.3365783691406
2023-04-03,163.79702758789062,280.5851745605469,27.940265655517578,395.4596252441406,314.5701599121094
2023-04-04,163.26475524902344,280.5363464355469,27.428712844848633,393.2655334472656,313.5089416503906
2023-04-05,161.4214630126953,277.7620544433594,26.85722541809082,392.23590087890625,310.4139404296875
2023-04-06,162.3086395263672,284.8540954589844,27.01308250427246,393.7658996582031,312.50677490234375
2023-04-10,159.71617126464844,282.6953430175781,27.554609298706055,394.170166015625,312.3299255371094
2023-04-11,158.50375366210938,276.2869873046875,27.144968032836914,394.2760009765625,310.3254699707031
2023-04-12,157.81373596191406,276.9317321777344,26.471567153930664,392.6689147949219,307.5840759277344
2023-04-13,163.1957550048828,283.1348571777344,26.439594268798828,397.8846435546875,313.60723876953125
2023-04-14,162.8507537841797,279.52044677734375,26.734331130981445,396.9127502441406,313.0177001953125
2023-04-17,162.87049865722656,282.1188659667969,26.978118896484375,398.3368835449219,313.282958984375
2023-04-18,164.09274291992188,281.6988220214844,27.64253044128418,398.5967712402344,313.3025817871094
2023-04-19,165.2362060546875,281.7770690917969,27.906295776367188,398.5293884277344,313.1552429199219
2023-04-20,164.2701873779297,279.4910888671875,27.08002471923828,396.35455322265625,310.7676086425781
2023-04-21,162.6634979248047,279.1492004394531,27.095014572143555,396.6625061035156,311.0918884277344
2023-04-24,162.9690399169922,275.2514953613281,27.01807975769043,397.0763244628906,310.44329833984375
2023-04-25,161.43133544921875,269.0484313964844,26.217790603637695,390.773193359375,304.5871887207031
2023-04-26,161.4214630126953,288.5368957519531,26.932159423828125,389.1181335449219,306.4344787597656
2023-04-27,166.0050811767578,297.7779846191406,27.201919555664062,396.86456298828125,314.7666320800781
2023-04-28,167.2569122314453,300.15179443359375,27.724456787109375,400.251953125,316.9381408691406
2023-05-01,167.16824340820312,298.4911193847656,28.884429931640625,399.8477478027344,316.5746154785156
2023-05-02,166.13320922851562,298.3446044921875,28.1850528717041,395.3537902832031,313.8135986328125
2023-05-03,165.0587615966797,297.35797119140625,27.777414321899414,392.6400451660156,311.760009765625
2023-05-04,163.42247009277344,298.3446044921875,27.537620544433594,389.8590393066406,310.6595153808594
2023-05-05,171.0913848876953,303.4634094238281,28.654630661010742,397.0763244628906,317.262451171875
2023-05-08,171.02236938476562,301.5096130371094,29.12521743774414,397.18212890625,318.0484619140625
2023-05-09,169.31712341308594,299.8978271484375,28.545730590820312,395.4403381347656,316.0341796875
2023-05-10,171.08151245117188,305.0849914550781,28.859451293945312,397.2880554199219,319.4731750488281
2023-05-11,171.2688446044922,302.93585205078125,28.552724838256836,396.5951843261719,320.5147399902344
2023-05-12,170.34095764160156,301.8222961425781,28.31493377685547,396.0755310058594,319.3651428222656
2023-05-15,169.84739685058594,302.3009033203125,28.92738914489746,397.44195556640625,321.09442138671875
2023-05-16,169.84739685058594,304.5281677246094,29.187162399291992,394.7860412597656,321.4580078125
2023-05-17,170.4593963623047,307.4064025878906,30.151308059692383,399.57830810546875,325.34893798828125
2023-05-18,172.78890991210938,311.8315124511719,31.649982452392578,403.4275207519531,331.3917236328125
2023-05-19,172.89749145507812,311.6552734375,31.23634910583496,402.8404846191406,330.6449890136719
2023-05-22,171.94989013671875,314.4356689453125,31.148427963256836,403.0040588378906,331.7553405761719
2023-05-23,169.343994140625,308.63995361328125,30.660858154296875,398.48126220703125,327.54986572265625
2023-05-24,169.62037658691406,307.2596130371094,30.510988235473633,395.5943298339844,325.86968994140625
2023-05-25,170.7555389404297,319.076171875,37.94640350341797,399.0201416015625,333.7991027832031
2023-05-26,173.16400146484375,325.8998107910156,38.91156005859375,404.1877746582031,342.3277893066406
2023-05-30,175.00985717773438,324.25506591796875,40.07551956176758,404.34173583984375,343.88031005859375
2023-05-31,174.9604949951172,321.4942932128906,37.800540924072266,402.0995178222656,341.9248962402344
2023-06-01,177.7637939453125,325.59625244140625,39.73482894897461,405.9199523925781,345.8748779296875
2023-06-02,178.61270141601562,328.3570556640625,39.29221725463867,411.78997802734375,348.46881103515625
2023-06-05,177.2603759765625,328.88568115234375,39.13636016845703,411.0008850097656,348.71453857421875
2023-06-06,176.8951873779297,326.67315673828125,38.61981201171875,411.89581298828125,348.65557861328125
2023-06-07,175.5231475830078,316.5894470214844,37.44572067260742,410.4715576171875,342.740478515625
2023-06-08,178.23764038085938,318.4299621582031,38.47991943359375,412.9543762207031,346.9950256347656
2023-06-09,178.62258911132812,319.9278259277344,38.73971176147461,413.6953125,348.3214416503906
2023-06-12,181.41603088378906,324.8816223144531,39.4511604309082,417.44830322265625,354.20709228515625
2023-06-13,180.94219970703125,327.2704162597656,40.98996353149414,420.2005310058594,356.9288024902344
2023-06-14,181.5739288330078,330.25634765625,42.963409423828125,420.700927734375,359.5227966308594
2023-06-15,183.60733032226562,340.7903747558594,42.619686126708984,425.9166259765625,363.80682373046875
2023-06-16,182.53140258789062,335.1414794921875,42.658653259277344,424.4658203125,361.51739501953125
2023-06-20,182.6202850341797,330.9513854980469,43.77378845214844,422.263671875,360.9998779296875
2023-06-21,181.5838165283203,326.55572509765625,43.01137161254883,420.1000671386719,356.08026123046875
2023-06-22,184.58457946777344,332.5765380859375,42.99139404296875,421.6165466308594,360.2816467285156
2023-06-23,184.2686767578125,327.9850158691406,42.176025390625,418.4291076660156,356.7099609375
2023-06-26,182.8769073486328,321.6998291015625,40.60026168823242,416.71954345703125,351.9281005859375
2023-06-27,185.63087463378906,327.54443359375,41.843284606933594,421.2881164550781,357.9792785644531
2023-06-28,186.80551147460938,328.7975769042969,41.08488845825195,421.5006408691406,358.67779541015625
2023-06-29,187.14111328125,328.0143737792969,40.79011154174805,423.16192626953125,357.95953369140625
2023-06-30,191.4645538330078,333.3891296386719,42.26895523071289,428.155517578125,363.4793701171875
2023-07-03,189.97401428222656,330.8927001953125,42.37987518310547,428.6481018066406,364.3352966308594
2023-07-05,188.858642578125,331.04931640625,42.28395080566406,428.0106506347656,364.32550048828125
2023-07-06,189.33242797851562,334.1037902832031,42.07011413574219,424.6590270996094,361.55084228515625
2023-07-07,188.21701049804688,330.1388854980469,42.46979904174805,423.5868835449219,360.3504943847656
2023-07-10,186.1737518310547,324.8619689941406,42.14706039428711,424.6590270996094,360.468505859375
2023-07-11,185.65060424804688,325.48858642578125,42.371883392333984,427.36346435546875,362.24951171875
2023-07-12,187.3187713623047,330.11932373046875,43.867706298828125,430.8020324707031,366.8247375488281
2023-07-13,188.07884216308594,335.4646301269531,45.94109344482422,434.22125244140625,373.0528259277344
2023-07-14,188.22689819335938,337.9904479980469,45.43348693847656,433.9507751464844,372.9741516113281
2023-07-17,191.48426818847656,338.47015380859375,46.42470932006836,435.4576110839844,376.457275390625
2023-07-18,191.2276153564453,351.941162109375,47.4568977355957,438.6932678222656,379.5368347167969
2023-07-19,192.5799560546875,347.62384033203125,47.04022979736328,439.6688232421875,379.44830322265625
2023-07-20,190.63539123535156,339.5862121582031,45.48444747924805,436.7518310546875,370.7013244628906
2023-07-21,189.4607391357422,336.5513000488281,44.274391174316406,436.7518310546875,369.5894775390625
2023-07-24,190.2602996826172,337.8631286621094,44.57715606689453,438.70294189453125,370.17987060546875
2023-07-25,191.11904907226562,343.6098937988281,45.6433219909668,439.900634765625,372.6888122558594
2023-07-26,191.98768615722656,330.67730712890625,45.41649627685547,439.9682922363281,371.4490966796875
2023-07-27,190.72421264648438,323.7753601074219,45.86414337158203,437.0512390136719,370.5635681152344
2023-07-28,193.30050659179688,331.26470947265625,46.71348571777344,441.3301086425781,377.3132629394531
2023-07-31,193.91250610351562,328.8661804199219,46.692501068115234,442.1705017089844,377.510009765625
2023-08-01,193.08335876464844,329.2773742675781,46.470672607421875,440.9051818847656,376.6343078613281
2023-08-02,190.09249877929688,320.6229248046875,44.23442459106445,434.7717590332031,368.3694152832031
2023-08-03,188.70069885253906,319.8005676269531,44.480228424072266,433.52581787109375,367.7790832519531
2023-08-04,179.6392364501953,320.8970947265625,44.64509963989258,431.56512451171875,366.05718994140625
2023-08-07,176.5398406982422,323.17816162109375,45.381526947021484,435.33197021484375,369.15655517578125
2023-08-08,177.47756958007812,319.2033996582031,44.629119873046875,433.4388732910156,366.0178527832031
2023-08-09,175.8883514404297,315.4636535644531,42.52075958251953,430.541259765625,361.9936218261719
2023-08-10,175.6712188720703,316.14886474609375,42.35489273071289,430.69580078125,362.6627197265625
2023-08-11,175.73049926757812,314.2692565917969,40.82309341430664,430.4446716308594,360.3504943847656
2023-08-14,177.3811798095703,317.2356262207031,43.71882629394531,432.82073974609375,364.39434814453125
2023-08-15,175.39443969726562,315.1013488769531,43.905677795410156,427.7788391113281,360.5276184082031
2023-08-16,174.52464294433594,314.3361511230469,43.4520378112793,424.63970947265625,356.7099609375
2023-08-17,171.9844207763672,310.88275146484375,43.31014633178711,421.404052734375,352.8136901855469
2023-08-18,172.46873474121094,310.4903564453125,43.265174865722656,421.60687255859375,352.3709411621094
2023-08-21,173.8031005859375,315.7882080078125,46.93031692504883,424.3499755859375,358.04815673828125
2023-08-22,175.17697143554688,316.3572082519531,45.63232421875,423.2005920410156,357.5364685058594
2023-08-23,179.02191162109375,320.8112487792969,47.079200744628906,427.9140625,363.17425537109375
2023-08-24,174.33685302734375,313.9142761230469,47.126155853271484,421.98358154296875,355.4111633300781
2023-08-25,176.54100036621094,316.8673400878906,45.982059478759766,424.9584655761719,358.16619873046875
2023-08-28,178.10272216796875,317.5736999511719,46.79841613769531,427.65325927734375,360.8620910644531
2023-08-29,181.98715209960938,322.194580078125,48.74589538574219,433.83489990234375,368.7432861328125
2023-08-30,185.4762725830078,322.5673828125,49.22551727294922,435.621826171875,370.7997131347656
2023-08-31,185.69374084472656,321.556884765625,49.31645202636719,434.98431396484375,371.9115295410156
2023-09-01,187.26531982421875,322.4398498535156,48.47111129760742,435.7956237792969,371.5179443359375
2023-09-05,187.50253295898438,327.2372741699219,48.51008224487305,433.91217041015625,371.9902648925781
2023-09-06,180.7911834716797,326.5799560546875,47.02812194824219,430.9952392578125,368.7137756347656
2023-09-07,175.503173828125,323.66619873046875,46.20869445800781,429.67193603515625,366.07684326171875
2023-09-08,176.11598205566406,327.94366455078125,45.540157318115234,430.319091796875,366.5885314941406
2023-09-11,177.2823028564453,331.5442199707031,45.14643478393555,433.1491394042969,370.9079284667969
2023-09-12,174.2577667236328,325.4909362792969,44.838645935058594,430.7730407714844,366.7951354980469
2023-09-13,172.19198608398438,329.69976806640625,45.453216552734375,431.2752685546875,368.19232177734375
2023-09-14,173.7042694091797,332.2898254394531,45.549156188964844,434.99395751953125,371.2030944824219
2023-09-15,172.98269653320312,323.9703063964844,43.869319915771484,429.7530212402344,364.8470153808594
2023-09-18,175.90841674804688,322.8322448730469,43.93528366088867,430.0050048828125,365.227294921875
2023-09-19,176.9956817626953,322.42999267578125,43.48958969116211,429.1132507324219,364.44891357421875
2023-09-20,173.45716857910156,314.6991271972656,42.20948791503906,425.16827392578125,359.197021484375
2023-09-21,171.9152069091797,313.48260498046875,40.988338470458984,418.1409606933594,352.61492919921875
2023-09-22,172.7652587890625,311.01031494140625,41.5809211730957,417.2007751464844,352.66424560546875
2023-09-25,174.04029846191406,311.5303039550781,42.1924934387207,418.9551696777344,354.3392333984375
2023-09-26,169.9680633544922,306.2325134277344,41.88172149658203,412.8002014160156,349.01849365234375
2023-09-27,168.45578002929688,306.8702392578125,42.438323974609375,412.96490478515625,349.8362731933594
2023-09-28,168.71273803710938,307.7040710449219,43.05888366699219,415.3590393066406,352.7627258300781
2023-09-29,169.22671508789062,309.7741394042969,43.468605041503906,414.3510437011719,353.01885986328125
2023-10-02,171.7373046875,315.7096252441406,44.75070571899414,414.18621826171875,355.96514892578125
2023-10-03,170.4029083251953,307.4588623046875,43.48658752441406,408.6419372558594,349.718017578125
2023-10-04,171.64834594726562,312.9234313964844,44.01022720336914,411.61767578125,354.47723388671875
2023-10-05,172.88388061523438,313.3158264160156,44.65677261352539,411.4625244140625,353.43280029296875
2023-10-06,175.43397521972656,321.0663146972656,45.73002624511719,416.3477478027344,359.3547058105469
2023-10-09,176.9166259765625,323.5779113769531,45.241363525390625,419.0133056640625,361.1874084472656
2023-10-10,176.32354736328125,322.1749572753906,45.76599884033203,421.1942138671875,363.18768310546875
2023-10-11,177.7172393798828,326.128662109375,46.77329635620117,422.9195556640625,365.7791442871094
2023-10-12,178.61668395996094,324.8924865722656,46.91218948364258,420.3412170410156,364.50799560546875
2023-10-13,176.7782440185547,321.5274658203125,45.42922592163086,418.2475280761719,359.9261169433594
2023-10-16,176.6497344970703,326.3445129394531,46.06278991699219,422.64813232421875,363.9956359863281
2023-10-17,175.097900390625,325.77545166015625,43.90729904174805,422.6287536621094,362.8033752441406
2023-10-18,173.8031005859375,323.86236572265625,42.16651916503906,416.9971923828125,358.044189453125
2023-10-19,173.42750549316406,325.04949951171875,42.07158660888672,413.3332824707031,354.6940002441406
2023-10-20,170.87738037109375,320.48748779296875,41.35807418823242,408.2542419433594,349.4027099609375
2023-10-23,170.9959716796875,323.0873107910156,42.94497299194336,407.54656982421875,350.45709228515625
2023-10-24,171.430908203125,324.2744140625,43.632484436035156,410.61932373046875,353.8663024902344
2023-10-25,169.1179962158203,334.2225341796875,41.74980926513672,404.7259826660156,345.2051086425781
2023-10-26,164.956787109375,321.6843566894531,40.297821044921875,399.8796081542969,338.62310791015625
2023-10-27,166.2713623046875,323.56805419921875,40.47169876098633,398.0669860839844,340.2489318847656
2023-10-30,168.31735229492188,330.9261779785156,41.132240295410156,402.826171875,344.0819396972656
2023-10-31,168.7918243408203,331.7110290527344,40.751502990722656,405.3560791015625,345.72735595703125
2023-11-01,171.95472717285156,339.52032470703125,42.295433044433594,409.6790771484375,351.7281188964844
2023-11-02,175.51303100585938,341.7277526855469,43.47559356689453,417.5303039550781,358.1131591796875
2023-11-03,174.60372924804688,346.1229248046875,44.97355270385742,421.3396301269531,362.3205871582031
2023-11-06,177.15379333496094,349.7823791503906,45.71903610229492,422.3089294433594,363.79852294921875
2023-11-07,179.71385192871094,353.7066650390625,45.922889709472656,423.5108337402344,367.2373962402344
2023-11-08,180.7714080810547,356.3261413574219,46.54146194458008,423.8209533691406,367.473876953125
2023-11-09,180.29696655273438,353.8636169433594,46.91719055175781,420.5156555175781,364.6459655761719
2023-11-10,184.48348999023438,362.6737060546875,48.301231384277344,427.0777587890625,372.8440856933594
2023-11-13,182.89993286132812,359.7402648925781,48.586029052734375,426.670654296875,371.6813659667969
2023-11-14,185.5128173828125,363.2622985839844,49.62130355834961,434.9483947753906,379.68231201171875
2023-11-15,186.07693481445312,363.4098205566406,48.85383987426758,435.8692321777344,379.96807861328125
2023-11-16,187.75946044921875,369.7997131347656,49.4454231262207,436.40234375,380.2931823730469
2023-11-17,187.7396697998047,363.5867004394531,49.26355743408203,436.9451599121094,380.38189697265625
2023-11-20,189.4815673828125,371.0481872558594,50.37377166748047,440.3085632324219,385.01300048828125
2023-11-21,188.6798858642578,366.752197265625,49.90910339355469,439.3489990234375,382.77630615234375
2023-11-22,189.34300231933594,371.45123291015625,48.68195343017578,441.0451965332031,384.343017578125
2023-11-24,188.0167999267578,371.0383605957031,47.74261474609375,441.31658935546875,383.8010559082031
2023-11-27,187.838623046875,372.1983337402344,48.208290100097656,440.5218505859375,383.466064453125
2023-11-28,188.44235229492188,376.2191467285156,47.78758239746094,440.9580078125,384.4710693359375
2023-11-29,187.42294311523438,372.434326171875,48.10635757446289,440.6477966308594,384.0966796875
2023-11-30,187.99700927734375,372.4933166503906,46.7373161315918,442.3827819824219,383.1310119628906
2023-12-01,189.27374267578125,368.1678161621094,46.73231887817383,444.9999084472656,384.22479248046875
2023-12-04,187.4823455810547,362.8887634277344,45.47819900512695,442.6639099121094,380.6578063964844
2023-12-05,191.43130493164062,366.2115173339844,46.537559509277344,442.57666015625,381.61358642578125
2023-12-06,190.34263610839844,362.5544738769531,45.47520065307617,440.793212890625,379.4064636230469
2023-12-07,192.27256774902344,364.6681213378906,46.56753158569336,444.1566467285156,384.7075500488281
2023-12-08,193.69775390625,367.8926086425781,47.47697830200195,446.066162109375,386.42205810546875
2023-12-11,191.1938018798828,365.01214599609375,46.59851837158203,447.8011474609375,389.7229309082031
2023-12-12,192.70803833007812,368.03997802734375,47.62788772583008,449.8462829589844,392.8267822265625
2023-12-13,195.9246368408203,368.0301818847656,48.05862808227539,456.0498352050781,397.8224792480469
2023-12-14,196.07308959960938,359.7331237792969,48.32046127319336,457.513427734375,397.47760009765625
2023-12-15,195.5386505126953,364.45184326171875,48.860137939453125,456.7601013183594,399.3990173339844
2023-12-18,193.87591552734375,366.33929443359375,50.04640579223633,459.3294372558594,401.9147033691406
2023-12-19,194.91514587402344,366.9389953613281,49.57369613647461,462.12255859375,403.96832275390625
2023-12-20,192.82681274414062,364.3437194824219,48.08161163330078,455.71881103515625,397.9654541015625
2023-12-21,192.6783447265625,367.2142333984375,48.9600715637207,460.0398864746094,402.5959777832031
2023-12-22,191.60946655273438,368.23663330078125,48.800174713134766,460.96441650390625,403.1982116699219
2023-12-26,191.0651397705078,368.3152770996094,49.2488899230957,462.91082763671875,405.6664733886719
2023-12-27,191.16407775878906,367.7352294921875,49.386810302734375,463.747802734375,406.49237060546875
2023-12-28,191.5896759033203,368.9247741699219,49.49174880981445,463.9229736328125,406.2947082519531
2023-12-29,190.55047607421875,369.6719055175781,49.49174880981445,462.58001708984375,404.5364074707031
2024-01-02,183.73130798339844,364.5894775390625,48.138572692871094,459.9912414550781,397.6907043457031
2024-01-03,182.35562133789062,364.3240661621094,47.539939880371094,456.2346496582031,393.4825744628906
2024-01-04,180.03965759277344,361.70904541015625,47.96868133544922,454.7649841308594,391.45751953125
2024-01-05,179.31715393066406,361.5223083496094,49.0670051574707,455.3879089355469,391.9218444824219
2024-01-08,183.65211486816406,368.3447570800781,52.22107696533203,461.8890075683594,400.02203369140625
2024-01-09,183.23646545410156,369.4261169433594,53.10753631591797,461.1882629394531,400.8122863769531
2024-01-10,184.27565002441406,376.2879333496094,54.316795349121094,463.7965087890625,403.5288391113281
2024-01-11,183.6818084716797,378.116455078125,54.788509368896484,463.5921325683594,404.36846923828125
2024-01-12,184.0084228515625,381.89141845703125,54.676578521728516,463.9132385253906,404.5759582519531
2024-01-16,181.7419891357422,383.6609191894531,56.347557067871094,462.2101135253906,404.5364074707031
2024-01-17,180.80174255371094,382.8744812011719,56.01875686645508,459.640869140625,402.2545166015625
2024-01-18,186.69058227539062,387.1999816894531,57.072113037109375,463.72833251953125,407.9642028808594
2024-01-19,189.59043884277344,391.918701171875,59.454654693603516,469.5092468261719,416.0545349121094
2024-01-22,191.896484375,389.7952575683594,59.61756134033203,470.501953125,416.5978698730469
2024-01-23,193.1732177734375,392.1447448730469,59.836429595947266,471.8741760253906,418.3265075683594
2024-01-24,192.5001983642578,395.7427978515625,61.32451629638672,472.3900146484375,420.64794921875
2024-01-25,192.17359924316406,398.0137023925781,61.57936477661133,474.95928955078125,421.16168212890625
2024-01-26,190.4416046142578,397.0895690917969,60.993717193603516,474.3559265136719,418.6524963378906
2024-01-29,189.75869750976562,402.7815856933594,62.426841735839844,478.1125183105469,422.939697265625
2024-01-30,186.1066131591797,401.6706237792969,62.735652923583984,477.74273681640625,420.1244201660156
2024-01-31,182.5040283203125,390.8471374511719,61.48941421508789,469.94720458984375,411.895751953125
2024-02-01,184.9387664794922,396.9421691894531,62.98849868774414,476.0980224609375,416.74603271484375
2024-02-02,183.93914794921875,404.2561340332031,66.11957550048828,481.11004638671875,423.78924560546875
2024-02-05,185.75033569335938,398.78045654296875,69.28964233398438,479.3582458496094,423.236083984375
2024-02-06,187.3536834716797,398.62322998046875,68.18132019042969,480.7499694824219,422.38653564453125
2024-02-07,187.4625701904297,407.0382080078125,70.05616760253906,484.7596130371094,426.7330017089844
2024-02-08,186.38375854492188,407.0971984863281,69.59845733642578,484.9736633300781,427.52325439453125
2024-02-09,187.14678955078125,413.4281005859375,72.08895111083984,487.7765808105469,431.7314147949219
2024-02-12,185.4621124267578,408.2277526855469,72.20386505126953,487.56243896484375,430.0422058105469
2024-02-13,183.3711700439453,399.43914794921875,72.08395385742188,480.8472595214844,423.3348083496094
2024-02-14,182.4891815185547,403.2998352050781,73.85486602783203,485.2170104980469,427.947998046875
2024-02-15,182.20179748535156,400.41412353515625,72.61360931396484,488.56488037109375,429.2223205566406
2024-02-16,180.66578674316406,397.95196533203125,72.56863403320312,486.1318359375,425.330322265625
2024-02-20,179.92254638671875,396.701171875,69.40957641601562,483.4555358886719,422.1197814941406
2024-02-21,180.67572021484375,396.1003723144531,67.43079376220703,483.8934326171875,420.43060302734375
2024-02-22,182.70721435546875,405.4272155761719,78.49002838134766,493.9078674316406,432.7389831542969
2024-02-23,180.8739013671875,404.1369934082031,78.76885986328125,494.24847412109375,431.46466064453125
2024-02-26,179.52615356445312,401.37939453125,79.043701171875,492.4382629394531,431.2375183105469
2024-02-27,180.98289489746094,401.3202209472656,78.65291595458984,493.3530578613281,432.2746887207031
2024-02-28,179.7838134765625,401.556640625,77.61557006835938,492.7010498046875,429.9730224609375
2024-02-29,179.11985778808594,407.38714599609375,79.06366729736328,494.4723205566406,433.65771484375
2024-03-01,178.03968811035156,409.2189636230469,82.2287368774414,499.114501953125,440.18719482421875
2024-03-04,173.5208282470703,408.6478271484375,85.1849365234375,498.57928466796875,438.61663818359375
2024-03-05,168.58572387695312,396.563232421875,85.91551208496094,493.5964050292969,430.7435607910156
2024-03-06,167.59474182128906,396.01171875,88.64997100830078,496.0975341796875,433.4502258300781
2024-03-07,167.47581481933594,402.9552307128906,92.61672973632812,501.02203369140625,440.0292053222656
2024-03-08,169.19021606445312,400.0793151855469,87.4786376953125,498.01483154296875,433.67742919921875
2024-03-11,171.1920166015625,398.40496826171875,85.72562408447266,497.5865783691406,432.0672607421875
2024-03-12,171.66766357421875,409.00238037109375,91.86116790771484,502.9393005371094,438.26092529296875
2024-03-13,169.58663940429688,408.8250732421875,90.83673095703125,502.1510009765625,434.8924560546875
2024-03-14,171.4397430419922,418.7921142578125,87.89439392089844,501.1583251953125,433.7960205078125
2024-03-15,171.06317138671875,410.1251220703125,87.78746032714844,497.717041015625,428.6395263671875
2024-03-18,172.15325927734375,411.0115051269531,88.40512084960938,500.6750793457031,432.72760009765625
2024-03-19,174.49197387695312,415.0396728515625,89.34758758544922,503.45745849609375,433.80572509765625
2024-03-20,177.05860900878906,418.80194091796875,90.32102966308594,508.1140441894531,438.9492492675781
2024-03-21,169.82443237304688,422.87933349609375,91.38343048095703,509.793212890625,441.0264587402344
2024-03-22,170.72625732421875,422.2589111328125,94.23580169677734,508.8266906738281,441.53094482421875
2024-03-25,169.30914306640625,416.46771240234375,94.94841003417969,507.4209289550781,439.9284973144531
2024-03-26,168.17945861816406,415.2760314941406,92.50879669189453,506.4837341308594,438.5041809082031
2024-03-27,171.7469482421875,415.059326171875,90.1990966796875,510.7400817871094,439.9977111816406
2024-03-28,169.93345642089844,414.360107421875,90.30503845214844,510.6424865722656,439.1866760253906
2024-04-01,168.49652099609375,418.1519470214844,90.31202697753906,509.754150390625,440.1164855957031
2024-04-02,167.31727600097656,415.0693054199219,89.40155029296875,506.5130615234375,436.3181457519531
2024-04-03,168.1199493408203,414.09417724609375,88.91382598876953,507.0694274902344,437.2973937988281
2024-04-04,167.29745483398438,411.56304931640625,85.8565444946289,500.8800964355469,430.61083984375
2024-04-05,168.05059814453125,419.0875549316406,87.95836639404297,506.11279296875,435.68511962890625
2024-04-08,166.93080139160156,418.171630859375,87.08384704589844,506.3958435058594,435.813720703125
2024-04-09,168.13980102539062,419.8360595703125,85.30584716796875,506.98162841796875,437.426025390625
2024-04-10,166.26683044433594,416.86175537109375,86.98990631103516,501.9051513671875,433.60797119140625
2024-04-11,173.46136474609375,421.4610900878906,90.56489562988281,505.69293212890625,440.5318908691406
2024-04-12,174.95773315429688,415.52227783203125,88.13627624511719,498.7128601074219,433.509033203125
2024-04-15,171.13255310058594,407.38714599609375,85.9524917602539,492.4648742675781,426.3773193359375
2024-04-16,167.85240173339844,408.31292724609375,87.36569213867188,491.5667419433594,426.4169006347656
2024-04-17,166.4848175048828,405.6142883300781,83.98760223388672,488.6575012207031,421.2140197753906
2024-04-18,165.53350830078125,398.1587829589844,84.62324523925781,487.65203857421875,418.8104553222656
2024-04-19,163.5119171142578,393.08660888671875,76.15702056884766,483.3955993652344,410.1455993652344
2024-04-22,164.34432983398438,394.8988037109375,79.47315979003906,487.8472595214844,414.2703552246094
2024-04-23,165.39476013183594,401.4089050292969,82.37651062011719,493.63641357421875,420.4524230957031
2024-04-24,167.49566650390625,402.8763122558594,79.6320571899414,493.402099609375,421.8768005371094
2024-04-25,168.35780334472656,393.0078430175781,82.58540344238281,491.5276794433594,419.8392028808594
2024-04-26,167.77310180664062,400.17779541015625,87.6855239868164,496.1844177246094,426.3179626464844
2024-04-29,171.93524169921875,396.1693420410156,87.70750427246094,497.9416198730469,428.0489807128906
2024-04-30,168.79383850097656,383.444580078125,86.35327911376953,490.0536193847656,419.9776306152344
2024-05-01,167.77310180664062,388.96978759765625,82.9941635131836,488.4622497558594,416.9410095214844
2024-05-02,171.469482421875,391.825927734375,85.76859283447266,493.0311584472656,422.2625427246094
2024-05-03,181.72613525390625,400.5126647949219,88.7389144897461,499.14239501953125,430.74932861328125
2024-05-06,180.0712127685547,407.28863525390625,92.08802795410156,504.2969055175781,435.467529296875
2024-05-07,180.75497436523438,403.1521301269531,90.50291442871094,504.8533935546875,435.5367126464844
2024-05-08,181.0919189453125,404.33404541015625,90.36101531982422,504.9022216796875,435.2795715332031
2024-05-09,182.90541076660156,406.08709716796875,88.69695281982422,507.8113708496094,436.2291259765625
2024-05-10,181.64515686035156,408.47052001953125,89.82730865478516,508.465576171875,437.25787353515625
2024-05-13,184.85035705566406,407.4659118652344,90.3480224609375,508.53375244140625,438.26678466796875
2024-05-14,185.99156188964844,410.26300048828125,91.30448150634766,510.8670349121094,441.0858154296875
2024-05-15,188.26397705078125,417.4360046386719,94.57661437988281,517.1929931640625,447.9801025390625
2024-05-16,188.38302612304688,415.3739013671875,94.3057861328125,516.1289672851562,447.0700988769531
2024-05-17,188.4127960205078,414.6043395996094,92.42683410644531,516.8709716796875,446.8524475097656
2024-05-20,189.57383728027344,419.6658630371094,94.72655487060547,517.4664916992188,449.96826171875
2024-05-21,190.87376403808594,423.3165283203125,95.33219909667969,518.735595703125,450.84857177734375
2024-05-22,189.4348907470703,424.7767639160156,94.89643859863281,517.2420043945312,450.759521484375
2024-05-23,185.4457550048828,421.3037414550781,103.74047088623047,513.4639282226562,448.7318420410156
2024-05-24,188.52195739746094,424.4216003417969,106.40894317626953,516.861083984375,452.9752502441406
2024-05-28,188.53189086914062,424.5794677734375,113.83675384521484,517.2224731445312,454.6864318847656
2024-05-29,188.82958984375,423.44476318359375,114.7602310180664,513.6005249023438,451.4816589355469
2024-05-30,189.82191467285156,409.13818359375,110.43767547607422,510.1934814453125,446.644775390625
2024-05-31,190.77455139160156,409.5920715332031,109.5711669921875,514.8403930664062,445.8139343261719
2024-06-03,192.54087829589844,408.0035400390625,114.93512725830078,515.2600708007812,448.2075500488281
2024-06-04,192.8584442138672,410.5195007324219,116.37132263183594,515.8361206054688,449.4341125488281
2024-06-05,194.36676025390625,418.3536071777344,122.37094116210938,521.9669189453125,458.4945983886719
2024-06-06,192.98744201660156,418.8568115234375,120.92975616455078,521.9570922851562,458.33636474609375
2024-06-07,195.37892150878906,418.19573974609375,120.81981658935547,521.3225708007812,457.9307861328125
2024-06-10,191.63787841796875,422.162109375,121.72130584716797,522.9334106445312,459.780517578125
2024-06-11,205.5601806640625,426.907958984375,120.85174560546875,524.1926879882812,462.9358215332031
2024-06-12,211.4347686767578,435.1761474609375,125.13966369628906,528.4979858398438,468.999267578125
2024-06-13,212.5957794189453,435.6892395019531,129.5475311279297,529.5620727539062,471.5413513183594
2024-06-14,210.85922241210938,436.6659851074219,131.81643676757812,529.8843383789062,473.9845275878906
2024-06-17,215.00714111328125,442.3886413574219,130.91688537597656,534.1016235351562,479.7906799316406
2024-06-18,212.6453857421875,440.3857116699219,135.5146484375,535.4584350585938,479.9390869140625
2024-06-20,208.0707550048828,439.7542724609375,130.7169647216797,534.00390625,476.23974609375
2024-06-21,205.89759826660156,443.7798156738281,126.50899505615234,533.2880859375,474.9637451171875
2024-06-24,206.5426025390625,441.6980285644531,118.05306243896484,531.5545654296875,469.55645751953125
2024-06-25,207.46546936035156,444.93426513671875,126.02922821044922,533.6015014648438,474.9261169433594
2024-06-26,211.61337280273438,446.1280822753906,126.33908081054688,534.2674560546875,475.9068603515625
2024-06-27,212.45684814453125,446.80889892578125,123.93024444580078,535.109619140625,477.1353759765625
2024-06-28,209.00355529785156,440.9875793457031,123.48046112060547,533.0040283203125,474.6585998535156
2024-07-01,215.08651733398438,450.6370849609375,124.24009704589844,534.1009521484375,477.4425354003906
2024-07-02,218.57948303222656,453.153076171875,122.61087799072266,537.6953735351562,482.45550537109375
2024-07-03,219.8496856689453,454.6231994628906,128.21817016601562,540.0949096679688,486.477783203125
2024-07-05,224.6029052734375,461.3226013183594,125.76936340332031,543.209228515625,491.5502014160156
2024-07-08,226.07156372070312,460.0202331542969,128.13818359375,543.8359985351562,492.7192077636719
2024-07-09,226.92495727539062,453.40960693359375,131.3166961669922,544.3649291992188,493.1452331542969
2024-07-10,231.1919403076172,460.0301513671875,134.84500122070312,549.7515869140625,498.2870178222656
2024-07-11,225.82350158691406,448.6341857910156,127.3386001586914,545.0111694335938,487.3594665527344
2024-07-12,228.77066040039062,447.49951171875,129.177734375,548.4490356445312,490.2226257324219
2024-07-15,232.60105895996094,447.904052734375,128.3781280517578,549.957275390625,491.540283203125
2024-07-16,233.01783752441406,443.5232849121094,126.29910278320312,553.2186279296875,491.7285461425781
2024-07-17,227.12342834472656,437.6033020019531,117.9331283569336,545.4618530273438,477.2939453125
2024-07-18,222.45950317382812,434.495361328125,121.03163146972656,541.27001953125,475.0350341796875
2024-07-19,222.58848571777344,431.27886962890625,117.8731689453125,537.6757202148438,470.8245849609375
2024-07-22,222.2412109375,437.0310363769531,123.48046112060547,543.2190551757812,477.83880615234375
2024-07-23,223.2831268310547,438.9156494140625,122.53092193603516,542.3670043945312,476.1545715332031
2024-07-24,216.86277770996094,423.1783752441406,114.1949462890625,530.0756225585938,459.07476806640625
2024-07-25,215.8208465576172,412.8184509277344,112.22588348388672,527.3136596679688,454.01220703125
2024-07-26,216.2872314453125,419.5967712402344,113.00550842285156,533.2195434570312,458.6685791015625
2024-07-29,216.56507873535156,421.037353515625,111.53622436523438,533.5328369140625,459.5899658203125
2024-07-30,217.12078857421875,417.2781677246094,103.68000793457031,530.8297119140625,453.2790832519531
2024-07-31,220.3756103515625,412.7691345214844,116.96358489990234,539.458251953125,466.69329833984375
2024-08-01,216.6841583251953,411.5456237792969,109.15736389160156,531.8189697265625,455.38934326171875
2024-08-02,218.1726531982422,403.0406494140625,107.21829223632812,521.9172973632812,444.5806884765625
2024-08-05,207.6639404296875,389.8786315917969,100.4015884399414,506.7171630859375,431.32501220703125
2024-08-06,205.6395721435547,394.2790832519531,104.19976043701172,511.3889465332031,435.44635009765625
2024-08-07,208.209716796875,393.1148376464844,98.86233520507812,507.97076416015625,430.7305603027344
2024-08-08,211.6729278564453,397.3179931640625,104.9194107055664,519.7136840820312,443.9070129394531
2024-08-09,214.5804443359375,400.6036071777344,104.69951629638672,522.0054931640625,446.2252502441406
2024-08-12,216.1103973388672,401.383056640625,108.96746063232422,522.2796630859375,447.1862487792969
2024-08-13,219.82598876953125,408.48699951171875,116.08402252197266,530.868896484375,458.28216552734375
2024-08-14,220.27304077148438,411.2989501953125,118.02310943603516,532.543701171875,458.4308166503906
2024-08-15,223.25344848632812,416.1621398925781,122.80078887939453,541.671630859375,470.0121765136719
2024-08-16,224.57479858398438,413.6316833496094,124.51996612548828,542.8861083984375,470.61651611328125
2024-08-19,224.41583251953125,416.65631103515625,129.93734741210938,548.0768432617188,476.79852294921875
2024-08-20,225.0317840576172,419.8885192871094,127.18868255615234,547.1856079101562,475.7979431152344
2024-08-21,224.92250061035156,419.2361755371094,128.4380645751953,549.0659790039062,478.01708984375
2024-08-22,223.06471252441406,410.7454528808594,123.68035125732422,544.7566528320312,470.43817138671875
2024-08-23,225.359619140625,411.97113037109375,129.30764770507812,550.544921875,475.54034423828125
2024-08-26,225.69741821289062,408.7092590332031,126.39905548095703,549.2326049804688,470.9236755371094
2024-08-27,226.5418701171875,409.05523681640625,128.23817443847656,549.9866333007812,472.3304138183594
2024-08-28,225.01190185546875,405.8526916503906,125.54946899414062,546.7937622070312,466.970703125
2024-08-29,228.29039001464844,408.3435363769531,117.5333251953125,546.8427124023438,466.2871398925781
2024-08-30,227.5055389404297,412.3171081542969,119.31246948242188,552.0630493164062,471.844970703125
2024-09-03,221.31619262695312,404.70611572265625,107.94794464111328,540.7020874023438,457.5193786621094
2024-09-04,219.4087371826172,404.17236328125,106.1588134765625,539.5953369140625,456.3304748535156
2024-09-05,220.92872619628906,403.6682434082031,107.15834045410156,538.282958984375,456.75653076171875
2024-09-06,219.37893676757812,397.0555725097656,102.78044128417969,529.2234497070312,444.521240234375
2024-09-09,219.46832275390625,401.0290832519531,106.41868591308594,535.1488037109375,450.2376403808594
2024-09-10,218.67355346679688,409.41107177734375,108.04789733886719,537.4798583984375,454.3986511230469
2024-09-11,221.2069091796875,418.1488952636719,116.8536605834961,542.9937744140625,464.2660827636719
2024-09-12,221.31619262695312,422.0630798339844,119.0927734375,547.5675048828125,468.8233642578125
2024-09-13,221.04795837402344,425.6115417480469,119.05277252197266,550.4274291992188,470.9236755371094
2024-09-16,214.90830993652344,426.3529357910156,116.73369598388672,551.2403564453125,468.8431396484375
2024-09-17,215.37522888183594,430.11883544921875,115.54417419433594,551.465576171875,469.0908203125
2024-09-18,219.249755859375,425.8290100097656,113.3250503540039,549.8299560546875,467.0599060058594
2024-09-19,227.37637329101562,433.6179504394531,117.82327270507812,559.21240234375,478.8691101074219
2024-09-20,226.7107391357422,430.2374572753906,115.95401763916016,558.245849609375,477.9576416015625
2024-09-23,224.99205017089844,428.4978332519531,116.21391296386719,559.640869140625,479.2245788574219
2024-09-24,225.88616943359375,424.2080078125,120.82208251953125,561.2421264648438,481.5361633300781
2024-09-25,224.8927001953125,427.1139831542969,123.4610366821289,560.0043334960938,481.98260498046875
2024-09-26,226.03518676757812,426.3232421875,123.99082946777344,562.2245483398438,485.603759765625
2024-09-27,226.30340576171875,423.0712585449219,121.35187530517578,561.4090576171875,482.9052734375
2024-09-30,231.4794464111328,425.3249206542969,121.39186096191406,563.6588134765625,484.2148742675781
2024-10-01,224.73374938964844,415.8260803222656,116.95361328125,558.609375,477.46856689453125
2024-10-02,225.30003356933594,412.30718994140625,118.80288696289062,558.8450317382812,478.1431884765625
2024-10-03,224.19725036621094,411.72406005859375,122.80130004882812,557.8233642578125,477.7860412597656
2024-10-04,225.3199005126953,411.24957275390625,124.87047576904297,562.8925170898438,483.4707946777344
2024-10-07,220.24322509765625,404.804931640625,127.66936492919922,557.8037109375,478.2920227050781
2024-10-08,224.29661560058594,409.91522216796875,132.83731079101562,563.0791625976562,485.43511962890625
2024-10-09,228.04200744628906,412.63336181640625,132.59742736816406,566.9793090820312,489.2547302246094
2024-10-10,227.5452880859375,411.0320739746094,134.75656127929688,565.9871215820312,488.69915771484375
2024-10-11,226.0649871826172,411.5065612792969,134.74656677246094,569.3763427734375,489.4630432128906
2024-10-14,229.79054260253906,414.2939453125,138.01527404785156,574.0328979492188,493.5703430175781
2024-10-15,232.3238983154297,413.8985900878906,131.54783630371094,569.5728759765625,486.9728698730469
2024-10-16,230.26739501953125,411.3088684082031,135.6662139892578,572.0485229492188,487.03240966796875
2024-10-17,230.63497924804688,411.9019775390625,136.87571716308594,572.0975341796875,487.36968994140625
2024-10-18,233.46636962890625,413.3253173828125,137.94529724121094,574.2982177734375,490.5643310546875
2024-10-21,234.93670654296875,413.9381103515625,143.6530303955078,573.3550415039062,491.5068359375
2024-10-22,234.32078552246094,422.5672302246094,143.53309631347656,573.0504760742188,492.04254150390625
2024-10-23,229.25404357910156,419.69085693359375,139.50466918945312,567.8143310546875,484.5025329589844
2024-10-24,229.0653076171875,419.8193359375,140.35433959960938,569.0423583984375,488.4312744140625
2024-10-25,229.89981079101562,423.1997985839844,141.48388671875,568.8457641601562,491.4076232910156
2024-10-28,231.87681579589844,421.6578063964844,140.46429443359375,570.6043701171875,491.48699951171875
2024-10-29,232.14505004882812,426.95587158203125,141.19400024414062,571.52783203125,496.2093811035156
2024-10-30,228.59835815429688,427.5291442871094,139.28475952148438,569.7988891601562,492.4591979980469
2024-10-31,224.43569946289062,401.65185546875,132.70738220214844,558.6290283203125,480.0281982421875
2024-11-01,221.45529174804688,405.6253662109375,135.34632873535156,560.9867553710938,483.57989501953125
2024-11-04,220.56114196777344,403.7373962402344,135.99607849121094,559.7783203125,482.1711120605469
2024-11-05,221.9917449951172,406.7027587890625,139.85455322265625,566.547119140625,488.3221740722656
2024-11-06,221.2665252685547,415.3218994140625,145.55227661132812,580.634521484375,501.5865173339844
2024-11-07,225.9954376220703,420.5111999511719,148.8209991455078,585.1242065429688,509.48358154296875
2024-11-08,225.7269287109375,417.6546630859375,147.5714569091797,587.6588134765625,510.0790100097656
2024-11-11,223.01174926757812,413.1770324707031,145.20240783691406,588.2188110351562,509.7813720703125
2024-11-12,223.01174926757812,418.1389465332031,148.23118591308594,586.3915405273438,508.8586120605469
2024-11-13,223.89691162109375,420.2839050292969,146.21200561523438,586.6763916015625,508.203857421875
2024-11-14,226.98007202148438,421.954345703125,146.70181274414062,582.9038696289062,504.6720275878906
2024-11-15,223.77755737304688,410.2018127441406,141.92369079589844,575.4376831054688,492.647705078125
2024-11-18,226.7811737060547,410.9530334472656,140.09442138671875,577.7955322265625,496.0704345703125
2024-11-19,227.03973388671875,412.9595947265625,146.95172119140625,579.9075927734375,499.4832763671875
2024-11-20,227.75584411621094,410.6861572265625,145.83216857910156,580.1041259765625,499.1955871582031
2024-11-21,227.27845764160156,408.913330078125,146.6118621826172,583.2183227539062,500.9913024902344
2024-11-22,228.62110900878906,413.00372314453125,141.8937225341797,585.0259399414062,501.7948913574219
2024-11-25,231.6048126220703,414.7765808105469,135.96607971191406,587.0103759765625,502.58856201171875
2024-11-26,233.78292846679688,423.888427734375,136.86572265625,590.0753784179688,505.2870788574219
2024-11-27,233.6536102294922,418.93634033203125,135.2863311767578,588.2874755859375,501.3087158203125
2024-11-29,236.04058837890625,419.4018249511719,138.19520568847656,591.9419555664062,505.7136535644531
2024-12-02,238.2882843017578,426.84979248046875,138.5750274658203,593.0029907226562,511.2198181152344
2024-12-03,241.33168029785156,427.0676574707031,140.20440673828125,593.2779541015625,512.7872924804688
2024-12-04,241.68971252441406,433.2280578613281,145.0824737548828,596.9619750976562,519.126953125
2024-12-05,241.71954345703125,438.3782043457031,145.0124969482422,595.9796142578125,517.6883544921875
2024-12-06,241.52064514160156,439.3191223144531,142.39334106445312,597.109375,522.3214721679688
2024-12-09,245.40939331054688,441.7456359863281,138.7645263671875,594.034423828125,518.2538452148438
2024-12-10,246.42384338378906,439.0814208984375,135.0257568359375,592.1875,516.4879150390625
2024-12-11,245.1508331298828,444.6871643066406,139.2643585205078,596.7655639648438,525.7342529296875
2024-12-12,246.6128387451172,445.251708984375,137.29501342773438,593.6906127929688,522.34130859375
2024-12-13,246.7819061279297,442.9836120605469,134.20602416992188,593.5728149414062,526.3395385742188
2024-12-16,249.67608642578125,447.2622375488281,131.9567413330078,596.1072387695312,533.919189453125
2024-12-17,252.1028289794922,450.104736328125,130.3472900390625,593.6513061523438,531.5677490234375
2024-12-18,246.70233154296875,433.1983337402344,128.8677978515625,575.9584350585938,512.3904418945312
2024-12-19,248.43289184570312,432.8417663574219,130.63717651367188,575.7815551757812,510.1086730957031
2024-12-20,253.1073455810547,432.41595458984375,134.65586853027344,582.697265625,514.563232421875
2024-12-23,253.8831024169922,431.078857421875,139.62425231933594,586.1866455078125,519.5764770507812
2024-12-24,256.7972106933594,435.11968994140625,140.174072265625,592.7021484375,526.621826171875
2024-12-26,257.6127014160156,433.91143798828125,139.88417053222656,592.7415771484375,526.2640380859375
2024-12-27,254.2013702392578,426.4040832519531,136.96511840820312,586.5020751953125,519.2683715820312
2024-12-30,250.8297882080078,420.7586975097656,137.4449462890625,579.8091430664062,512.3621215820312
